route,route_type,garage_code,garage_name,operator,vehicle,additional_journeys,frequency_peak_am,frequency_peak_pm,frequency_offpeak,frequency_overnight,frequency_weekend,length_km,length_miles,unique_stops
1,regular,Q,Camberwell,Go-Ahead,DD,,6.5,6.5,6.5,0.0,5.0,14.547,9.039,93
2,regular,N,Norwood,Arriva,DD,,7.0,7.0,7.0,0.0,6.0,13.197,8.2,83
3,regular,WL,Walworth,Transport UK,DD,,5.0,5.0,5.0,0.0,5.0,13.043,8.105,88
4,regular,HT,Holloway,Metroline,DD,,6.0,6.0,6.0,0.0,5.0,11.533,7.166,86
5,regular,DS; RR,Henley Road; River Road,Go-Ahead,DD,,9.0,8.5,9.0,0.0,7.5,17.44,10.837,101
6,twentyfour,AC,Willesden,Metroline,DD,,6.5,7.0,7.0,2.0,5.5,11.184,6.949,69
7,regular,PV,Perivale [East],Metroline,DD,,5.0,5.0,4.5,0.0,4.5,10.189,6.331,67
8,regular,BW,Bow,Stagecoach London,DD,,8.0,8.0,8.0,0.0,6.0,10.309,6.406,67
9,regular,AH,Brentford,Metroline,DD,,5.5,6.0,6.0,0.0,5.0,8.618,5.355,53
11,regular,SW,Stockwell,Go-Ahead,DD,,5.5,5.0,5.0,0.0,5.0,7.564,4.7,51
12,twentyfour,Q,Camberwell,Go-Ahead,DD,,5.0,5.0,5.0,3.5,5.0,11.768,7.312,76
13,twentyfour,X,Westbourne Park,First,DD,,7.0,6.5,7.0,2.0,6.0,15.866,9.859,102
14,twentyfour,AF; RA,Putney; Waterloo,Go-Ahead,DD,,7.5,7.5,7.5,4.5,6.0,11.885,7.385,77
15,regular,DS,Henley Road,Go-Ahead,DD,,5.0,5.0,5.0,0.0,5.5,9.712,6.034,67
16,regular,W,Cricklewood,Metroline,DD,,6.0,6.0,6.0,0.0,5.0,12.355,7.677,76
17,regular,HT,Holloway,Metroline,DD,,6.0,6.0,6.0,0.0,5.0,9.512,5.91,67
18,regular,RP,Park Royal,First,DD,,11.0,11.0,12.0,0.0,8.5,14.57,9.054,94
19,regular,SF,Stamford Hill,Arriva,DD,,6.0,6.0,6.0,0.0,6.0,13.306,8.268,89
20,regular,T,Leyton,Stagecoach London,DD,,4.0,4.0,4.0,0.0,2.0,16.582,10.304,101
21,regular,NX,New Cross,Go-Ahead,DD,,7.0,7.0,7.0,0.0,5.0,15.831,9.837,104
22,regular,AF,Putney,Go-Ahead,DD,,6.5,6.0,6.0,0.0,5.0,10.094,6.272,65
23,twentyfour,X,Westbourne Park,First,DD,,4.5,5.0,5.0,3.0,5.0,11.715,7.279,72
24,twentyfour,QB,Battersea,Transport UK,DD,,5.5,5.0,5.0,2.5,5.0,10.91,6.779,72
25,regular,BW,Bow,Stagecoach London,DD,,6.5,7.5,6.5,0.0,5.5,15.201,9.445,99
26,regular,HK,Ash Grove,Stagecoach London,DD,,6.0,6.0,6.0,0.0,5.0,11.829,7.35,81
27,regular,QB,Battersea,Transport UK,DD,,5.0,5.5,5.5,0.0,5.0,12.72,7.904,80
28,regular,WJ,Willesden Junction,Metroline,DD,,6.5,6.0,6.0,0.0,5.5,12.355,7.677,85
29,regular,WN,Wood Green,Arriva,DD,,10.0,10.0,10.0,0.0,8.0,11.664,7.248,82
30,regular,KC,King's Cross,Metroline,DD,,6.0,6.0,6.0,0.0,5.0,9.49,5.897,66
31,regular,X,Westbourne Park,First,DD,,5.5,5.5,5.5,0.0,6.0,11.31,7.028,73
32,regular,W,Cricklewood,Metroline,DD,,8.0,7.5,7.5,0.0,5.0,10.934,6.794,77
33,regular,FW,Fulwell,First,SD,,7.0,7.0,6.5,0.0,5.0,13.443,8.353,82
34,regular,AD,Palmers Green,Arriva,DD,,6.0,6.0,6.5,0.0,5.0,18.207,11.314,103
35,twentyfour,Q,Camberwell,Go-Ahead,DD,,7.0,6.5,6.5,2.5,5.0,13.948,8.667,95
36,twentyfour,NX,New Cross,Go-Ahead,DD,,8.0,7.5,7.5,3.0,5.0,16.589,10.308,106
37,twentyfour,PM,Peckham,Go-Ahead,DD,,5.5,5.5,5.5,2.5,5.5,15.475,9.616,103
38,regular,CT,Clapton,Arriva,DD,,12.0,12.0,12.0,0.0,10.0,12.36,7.68,87
39,regular,AF,Putney,Go-Ahead,SD,,6.5,6.5,6.5,0.0,5.0,9.953,6.185,66
40,regular,Q,Camberwell,Go-Ahead,DD,,7.0,7.0,6.0,0.0,4.0,9.465,5.882,70
41,regular,AR,Tottenham,Arriva,DD,,11.0,10.0,10.0,0.0,7.5,8.065,5.011,54
42,regular,Q,Camberwell,Go-Ahead,DD,,4.0,4.0,4.0,0.0,4.0,12.011,7.463,79
43,twentyfour,HT,Holloway,Metroline,DD,,8.0,7.5,7.5,2.5,6.0,15.502,9.632,103
44,regular,SW,Stockwell,Go-Ahead,DD,,5.5,6.0,6.0,0.0,4.0,11.868,7.375,82
45,regular,WL,Walworth,Transport UK,DD,,4.5,4.5,4.5,0.0,4.0,15.766,9.797,104
46,regular,HT,Holloway,Metroline,SD,,5.0,5.0,5.0,0.0,4.0,14.167,8.803,95
47,twentyfour,TL,Catford,Stagecoach London,DD,,5.0,5.0,5.0,2.5,3.0,15.327,9.524,107
49,regular,S,Shepherd's Bush,First,DD,,5.5,5.5,5.5,0.0,5.0,10.486,6.515,71
50,regular,BN,Brixton Hill,Arriva,DD,,4.0,4.5,4.5,0.0,4.0,14.483,8.999,95
51,regular,MG,Morden Wharf (Greenwich),Go-Ahead,DD,,5.0,5.0,5.0,0.0,4.0,19.425,12.07,113
52,twentyfour,AC,Willesden,Metroline,DD,,6.0,5.5,5.5,2.0,5.5,11.443,7.11,72
53,regular,PD,Plumstead,Stagecoach London,DD,,8.0,7.5,7.5,0.0,7.5,18.155,11.281,103
54,regular,TL,Catford,Stagecoach London,DD,,5.5,6.0,6.0,0.0,4.0,16.922,10.515,102
55,regular,T,Leyton,Stagecoach London,DD,,6.5,6.5,6.5,0.0,5.5,14.561,9.048,101
56,regular,T,Leyton,Stagecoach London,DD,,6.5,5.5,6.0,0.0,6.0,12.84,7.978,87
57,twentyfour,AL,Merton,Go-Ahead,DD,,5.0,4.5,5.0,2.5,4.5,18.34,11.396,121
58,regular,HO,Lea Interchange,Stagecoach London,DD,,5.0,5.0,5.0,0.0,4.5,12.392,7.7,96
59,regular,BN,Brixton Hill,Arriva,DD,,7.5,8.0,8.0,0.0,5.0,10.903,6.775,69
60,regular,TC,Croydon,Arriva,DD,60S,6.5,6.5,6.0,0.0,5.0,19.159,11.905,119
61,regular,TB,Bromley,Stagecoach London,DD,,4.0,4.0,4.0,0.0,3.0,16.774,10.423,80
62,regular,BK,Barking,Stagecoach London,DD,,5.0,5.0,5.0,0.0,4.0,14.599,9.071,89
63,regular,WL,Walworth,Transport UK,DD,,9.0,8.0,8.0,0.0,6.0,11.98,7.444,81
64,twentyfour,TH,Thornton Heath,Arriva,DD,,6.0,6.5,6.0,2.5,4.0,18.945,11.772,114
65,regular,FW,Fulwell,First,DD,,8.0,8.5,8.5,0.0,5.0,15.178,9.431,88
66,regular,GY,Grays,Arriva,DD,,6.0,5.5,6.0,0.0,4.0,15.42,9.581,65
67,regular,SF,Stamford Hill,Arriva,DD,,5.0,5.0,5.0,0.0,5.0,7.869,4.889,60
68,regular,WL,Walworth,Transport UK,DD,,6.0,6.5,5.5,0.0,5.0,12.685,7.882,87
69,twentyfour,DS,Henley Road,Go-Ahead,DD,,7.5,7.5,7.5,2.5,5.0,10.829,6.729,75
70,regular,S,Shepherd's Bush,First,DD,,4.5,5.5,5.0,0.0,4.5,15.008,9.326,99
71,regular,FW,Fulwell,First,DD,,7.5,7.5,7.5,0.0,5.0,10.233,6.358,67
72,regular,S,Shepherd's Bush,First,SD,,5.0,5.5,5.0,0.0,5.0,7.892,4.904,47
73,regular,CT,Clapton,Arriva,DD,,9.0,9.0,9.0,0.0,8.0,9.428,5.858,65
74,regular,AF,Putney,Go-Ahead,DD,,5.5,5.0,5.0,0.0,5.0,12.036,7.479,73
75,regular,TL,Catford,Stagecoach London,DD,,4.5,4.5,4.5,0.0,4.5,14.555,9.044,94
76,twentyfour,SF,Stamford Hill,Arriva,DD,,6.5,6.0,6.0,2.0,5.0,14.357,8.921,102
77,regular,SW,Stockwell,Go-Ahead,DD,,6.0,6.0,6.0,0.0,5.0,13.485,8.379,92
78,regular,PM,Peckham,Go-Ahead,DD,,6.0,6.0,6.0,0.0,5.0,10.852,6.743,66
79,regular,BT,Edgware,First,DD,,5.0,5.0,5.0,0.0,4.0,13.283,8.253,80
80,regular,A; GM,Ellis Road; Sutton,Go-Ahead,DD,,6.5,7.0,7.0,0.0,4.0,14.234,8.845,84
81,regular,SG,Lampton,Metroline,DD,,5.0,5.5,5.0,0.0,4.0,18.708,11.625,81
83,regular,AO; PV,Athlon Road; Perivale [East],Metroline,DD,,7.5,7.5,7.5,0.0,6.0,13.145,8.168,79
85,twentyfour,TV,Tolworth,First,DD,,6.0,6.0,6.0,2.5,6.0,11.61,7.214,67
86,regular,HO; NS,Lea Interchange; Romford,Stagecoach London,DD,,10.0,10.0,10.0,0.0,7.0,15.672,9.738,95
87,regular,SW,Stockwell,Go-Ahead,DD,,7.5,8.0,8.0,0.0,5.0,10.441,6.488,62
88,twentyfour,SW,Stockwell,Go-Ahead,DD,,6.5,6.0,6.0,2.0,5.0,14.376,8.933,98
89,regular,BX,Bexleyheath,Go-Ahead,DD,,5.0,5.5,5.0,0.0,3.0,18.082,11.236,108
90,regular,PV,Perivale [East],Metroline,DD,,5.5,5.5,5.5,0.0,4.0,18.485,11.486,93
91,regular,NP,Northumberland Park,Go-Ahead,DD,,5.5,5.5,5.5,0.0,5.5,10.514,6.533,71
92,regular,G,Greenford,Metroline,DD,,5.0,5.5,5.0,0.0,4.5,15.651,9.725,84
93,twentyfour,A,Sutton,Go-Ahead,DD,,9.0,8.0,8.0,2.5,5.5,14.724,9.149,86
94,twentyfour,S,Shepherd's Bush,First,DD,,6.5,7.0,7.0,2.5,5.5,10.363,6.439,66
95,regular,G,Greenford,Metroline,DD,,5.0,5.0,5.0,0.0,2.5,15.903,9.882,83
96,regular,DT,Dartford,Arriva,DD,,7.5,7.5,7.5,0.0,5.0,19.688,12.234,92
97,regular,HO,Lea Interchange,Stagecoach London,DD,,7.5,7.0,7.5,0.0,5.0,13.349,8.295,84
98,regular,AC,Willesden,Metroline,DD,,7.5,7.0,7.0,0.0,5.5,10.551,6.556,70
99,regular,BX,Bexleyheath,Go-Ahead,DD,,5.0,4.5,4.5,0.0,4.5,17.677,10.984,106
100,regular,Q,Camberwell,Go-Ahead,SD,,5.0,5.0,5.0,0.0,4.0,6.413,3.985,45
101,regular,RR,River Road,Go-Ahead,DD,,5.0,5.0,5.0,0.0,4.0,8.454,5.253,65
102,twentyfour,AD,Palmers Green,Arriva,DD,,8.0,7.5,7.5,2.0,5.0,19.766,12.282,120
103,regular,GY,Grays,Arriva,DD,,6.0,5.5,5.5,0.0,4.0,14.474,8.994,87
104,regular,RR,River Road,Go-Ahead,DD,,7.5,7.5,7.5,0.0,5.0,6.854,4.259,47
105,twentyfour,WK,Hounslow Heath,First,DD,,5.0,5.0,5.0,2.5,5.0,16.529,10.271,91
106,regular,NP,Northumberland Park,Go-Ahead,DD,,6.0,5.0,5.0,0.0,5.0,10.181,6.326,71
107,regular,PB,Potters Bar,Metroline,DD,,4.0,4.0,4.0,0.0,4.0,18.514,11.504,98
108,twentyfour,NX; Q,Camberwell; New Cross,Go-Ahead,SD,108D,5.0,5.5,5.5,2.5,4.0,17.423,10.826,73
109,regular,BC,Beddington,Transport UK,DD,,9.0,8.5,8.5,0.0,6.0,11.255,6.994,75
110,regular,AV,Hounslow,First,SD,110R,3.0,3.0,3.0,0.0,3.0,18.823,11.696,115
111,twentyfour,TF,Fulwell (Twickenham),Transport UK,DD,,6.0,5.5,5.5,2.0,5.5,25.017,15.545,126
112,regular,W,Cricklewood,Metroline,SD,,6.0,6.0,6.0,0.0,5.0,17.433,10.832,82
113,regular,EW,Edgware,Metroline,DD,,7.0,6.5,6.5,0.0,5.0,17.891,11.117,106
114,regular,UX,Uxbridge Industrial Estate,Metroline,DD,,6.5,5.5,6.0,0.0,5.0,19.245,11.958,94
115,regular,DS,Henley Road,Go-Ahead,DD,,8.0,7.5,7.5,0.0,6.0,10.968,6.815,77
116,regular,WK,Hounslow Heath,First,DD,,5.0,5.0,5.0,0.0,3.0,9.237,5.74,50
117,regular,AV,Hounslow,First,SD,,3.0,3.0,3.0,0.0,2.0,17.158,10.662,98
119,twentyfour,C,Croydon,Go-Ahead,DD,,5.0,4.5,5.0,2.0,4.5,17.702,11.0,104
120,regular,SG,Lampton,Metroline,DD,,6.0,6.5,6.0,0.0,5.5,13.208,8.207,77
121,regular,E,Enfield,Arriva,DD,,6.5,5.5,6.0,0.0,6.0,19.111,11.875,116
122,regular,PD,Plumstead,Stagecoach London,DD,,5.0,5.5,5.0,0.0,4.5,18.313,11.379,126
123,twentyfour,AR,Tottenham,Arriva,DD,,6.0,6.0,6.0,2.5,4.0,18.506,11.499,111
124,regular,TL,Catford,Stagecoach London,SD,,6.5,6.5,6.0,0.0,4.0,13.582,8.439,88
125,regular,BT,Edgware,First,DD,,6.0,6.0,6.0,0.0,4.0,16.919,10.513,106
126,regular,SM,Sydenham,Go-Ahead,SD,,6.0,6.5,6.0,0.0,3.0,10.63,6.605,64
127,regular,C,Croydon,Go-Ahead,DD,,5.0,5.5,5.5,0.0,4.0,15.564,9.671,101
128,twentyfour,NS,Romford,Stagecoach London,DD,,5.0,5.0,5.0,2.0,3.0,18.717,11.63,104
129,regular,DS,Henley Road,Go-Ahead,DD,,8.0,7.5,7.5,0.0,5.0,19.96,12.402,84
130,regular,BC,Beddington,Transport UK,SD,,5.0,5.0,5.0,0.0,3.0,16.04,9.967,86
131,regular,AL,Merton,Go-Ahead,DD,,7.5,7.0,7.0,0.0,5.0,12.744,7.919,83
132,regular,BX,Bexleyheath,Go-Ahead,DD,,6.5,6.5,6.0,0.0,4.0,17.428,10.829,90
133,regular,QB,Battersea,Transport UK,DD,,7.5,7.5,7.5,0.0,5.0,13.247,8.231,89
134,twentyfour,PB,Potters Bar,Metroline,DD,,7.5,7.0,7.0,2.0,6.5,12.743,7.918,89
135,regular,HO,Lea Interchange,Stagecoach London,DD,,6.0,5.5,6.0,0.0,4.0,13.391,8.321,94
136,regular,TL,Catford,Stagecoach London,DD,,6.0,6.5,6.0,0.0,4.0,16.926,10.517,115
137,regular,BN,Brixton Hill,Arriva,DD,,10.0,9.0,9.0,0.0,7.5,10.773,6.694,68
138,regular,TL,Catford,Stagecoach London,SD,,2.0,2.0,2.0,0.0,2.0,7.804,4.849,52
139,twentyfour,W,Cricklewood,Metroline,DD,,8.0,7.5,7.5,2.5,5.0,12.502,7.768,83
140,regular,HD,Harrow Weald,Metroline,DD,,7.0,6.5,6.5,0.0,4.5,15.59,9.687,89
141,regular,AD; WN,Palmers Green; Wood Green,Arriva,DD,,10.0,9.0,9.0,0.0,6.0,13.07,8.121,94
142,regular,EW,Edgware,Metroline,DD,,5.0,5.0,5.0,0.0,4.0,20.213,12.56,112
143,regular,W,Cricklewood,Metroline,SD,,5.0,5.0,5.0,0.0,4.0,12.745,7.92,83
144,regular,NP,Northumberland Park,Go-Ahead,DD,,6.5,6.0,6.0,0.0,6.0,10.784,6.701,71
145,regular,BK,Barking,Stagecoach London,DD,,5.0,5.0,5.0,0.0,4.5,19.61,12.185,118
146,regular,TB,Bromley,Stagecoach London,SD,,1.0,1.0,1.0,0.0,1.0,10.067,6.255,48
147,regular,RR,River Road,Go-Ahead,DD,,7.5,7.5,7.5,0.0,5.5,10.883,6.763,77
148,twentyfour,S,Shepherd's Bush,First,DD,,4.5,5.0,5.0,3.0,5.0,14.262,8.862,85
149,twentyfour,AR,Tottenham,Arriva,DD,,8.5,8.5,7.5,2.5,6.0,14.181,8.812,102
150,regular,DX,Barking,Arriva,DD,,5.5,5.0,5.0,0.0,3.0,15.203,9.447,93
151,regular,A,Sutton,Go-Ahead,DD,,5.5,5.5,5.5,0.0,3.0,15.077,9.369,87
152,regular,AL,Merton,Go-Ahead,SD,,5.0,5.0,5.0,0.0,3.0,12.902,8.017,87
153,regular,HT,Holloway,Metroline,SD,,4.5,4.0,4.0,0.0,4.0,8.76,5.443,66
154,regular,A,Sutton,Go-Ahead,DD,,5.5,5.0,5.5,0.0,5.5,17.025,10.579,95
155,regular,SW,Stockwell,Go-Ahead,DD,,7.5,7.0,7.0,0.0,5.0,10.558,6.56,72
156,regular,QB,Battersea,Transport UK,DD,,5.5,5.5,5.5,0.0,5.0,12.27,7.624,75
157,regular,AL,Merton,Go-Ahead,DD,,11.0,10.0,9.0,0.0,4.0,18.982,11.795,130
158,twentyfour,EC,Edmonton,Arriva,DD,,10.0,10.0,10.0,3.0,6.0,11.734,7.291,86
159,twentyfour,QB,Battersea,Transport UK,DD,,7.0,6.5,6.5,3.0,5.0,11.83,7.351,77
160,regular,TL,Catford,Stagecoach London,DD,,4.0,4.0,4.0,0.0,3.0,17.715,11.007,99
161,regular,PD,Plumstead,Stagecoach London,DD,,5.0,5.5,5.0,0.0,5.0,17.558,10.91,97
162,regular,SM,Sydenham,Go-Ahead,SD,,4.5,4.0,4.0,0.0,3.0,20.159,12.526,116
163,regular,AL,Merton,Go-Ahead,SD,163S,6.5,6.0,6.5,0.0,5.0,8.235,5.117,53
164,regular,AL,Merton,Go-Ahead,SD,,6.0,6.0,6.0,0.0,4.0,10.749,6.679,66
165,regular,RM,Rainham,Stagecoach London,SD,,5.0,5.0,5.0,0.0,3.0,17.448,10.841,107
166,regular,TC,Croydon,Arriva,SD,,3.0,3.0,3.0,0.0,2.5,25.822,16.045,124
167,regular,BK,Barking,Stagecoach London,SD,,3.0,3.0,3.0,0.0,2.0,13.862,8.613,77
169,regular,BK,Barking,Stagecoach London,DD,,5.5,5.5,6.0,0.0,4.0,10.231,6.357,70
170,regular,SW,Stockwell,Go-Ahead,SD,,6.0,6.0,6.0,0.0,5.0,13.494,8.385,81
171,regular,NX,New Cross,Go-Ahead,DD,,5.0,4.5,4.5,0.0,4.5,14.29,8.879,98
172,regular,NX,New Cross,Go-Ahead,DD,,6.5,6.0,6.0,0.0,4.0,11.326,7.038,72
173,regular,BK,Barking,Stagecoach London,DD,,5.5,5.0,5.5,0.0,4.0,15.562,9.67,77
174,regular,RM,Rainham,Stagecoach London,DD,,6.5,7.5,6.5,0.0,4.5,17.724,11.013,107
175,regular,DX,Barking,Arriva,DD,,6.0,6.5,6.0,0.0,4.0,13.77,8.556,76
176,twentyfour,Q,Camberwell,Go-Ahead,DD,,6.0,6.0,6.0,3.0,6.0,15.885,9.87,114
177,regular,PD,Plumstead,Stagecoach London,DD,,5.0,5.0,5.0,0.0,5.0,18.996,11.803,126
178,regular,MG,Morden Wharf (Greenwich),Go-Ahead,DD,,3.0,3.0,3.0,0.0,3.0,11.067,6.877,67
179,regular,BK,Barking,Stagecoach London,DD,,5.0,5.0,5.0,0.0,3.0,13.685,8.503,86
180,regular,PD,Plumstead,Stagecoach London,DD,,6.0,6.0,6.0,0.0,4.0,19.002,11.808,115
181,regular,KB,Kangley Bridge Road,Stagecoach London,SD,,5.0,5.0,5.0,0.0,4.0,13.001,8.078,77
182,regular,HD,Harrow Weald,Metroline,DD,,7.0,6.5,6.5,0.0,5.5,19.727,12.258,95
183,regular,SO,Harrow,First,DD,,6.0,6.0,6.5,0.0,5.0,17.394,10.808,104
184,regular,NP,Northumberland Park,Go-Ahead,SD,,5.5,5.5,6.0,0.0,5.0,16.152,10.037,99
185,regular,Q,Camberwell,Go-Ahead,DD,,6.0,6.5,6.5,0.0,4.5,15.698,9.754,112
186,regular,HD,Harrow Weald,Metroline,DD,,4.5,5.0,5.0,0.0,4.5,20.546,12.767,108
187,regular,WJ,Willesden Junction,Metroline,SD,,4.0,4.0,4.0,0.0,3.0,12.81,7.96,84
188,twentyfour,Q,Camberwell,Go-Ahead,DD,,5.5,5.5,5.5,3.5,5.0,16.129,10.022,97
189,twentyfour,W,Cricklewood,Metroline,DD,,6.5,6.5,6.0,2.0,5.0,11.984,7.447,71
190,regular,AH,Brentford,Metroline,SD,,4.0,4.0,4.0,0.0,3.0,10.774,6.694,65
191,regular,E,Enfield,Arriva,DD,,6.5,6.0,6.5,0.0,4.0,15.825,9.833,100
192,regular,E,Enfield,Arriva,SD,,6.0,6.5,6.0,0.0,5.0,13.136,8.162,80
193,regular,NS,Romford,Stagecoach London,SD,,5.5,6.0,6.0,0.0,3.0,12.797,7.952,61
194,regular,TC,Croydon,Arriva,DD,,5.0,5.0,5.0,0.0,3.0,18.485,11.486,122
195,regular,GW,Southall,Transport UK,SD,,4.5,4.5,4.5,0.0,4.0,16.591,10.309,107
196,regular,N,Norwood,Arriva,DD,,5.0,5.0,5.0,0.0,3.0,15.292,9.502,105
197,regular,PM,Peckham,Go-Ahead,DD,,5.0,5.0,5.0,0.0,3.0,16.108,10.009,108
198,regular,N,Norwood,Arriva,DD,,5.0,5.0,5.0,0.0,3.0,11.192,6.955,78
199,regular,TL,Catford,Stagecoach London,DD,,5.0,5.0,5.0,0.0,4.0,10.757,6.684,76
200,regular,AL,Merton,Go-Ahead,DD,,6.5,7.0,6.5,0.0,5.0,12.013,7.465,66
201,regular,BC,Beddington,Transport UK,SD,,3.5,3.5,3.5,0.0,3.0,12.922,8.029,87
202,regular,N,Norwood,Arriva,DD,,6.5,6.0,6.0,0.0,4.0,13.473,8.371,85
203,regular,AV,Hounslow,First,DD,,3.0,3.0,3.0,0.0,2.0,15.724,9.771,72
204,regular,EW,Edgware,Metroline,DD,,6.0,5.5,6.0,0.0,4.0,14.287,8.877,83
205,regular,BW,Bow,Stagecoach London,DD,,5.5,5.5,5.5,0.0,5.0,12.959,8.052,90
206,regular,WJ,Willesden Junction,Metroline,SD,,5.0,4.5,5.0,0.0,3.0,14.544,9.037,77
207,regular,GW,Southall,Transport UK,DD,,9.0,9.0,9.0,0.0,7.5,14.286,8.877,93
208,regular,MB,Orpington,Go-Ahead,DD,,5.0,5.0,5.0,0.0,4.0,18.597,11.556,113
209,regular,SW,Stockwell,Go-Ahead,SD,,2.0,2.0,2.0,0.0,2.0,3.065,1.904,24
210,regular,W,Cricklewood,Metroline,DD,,6.0,6.0,6.0,0.0,5.0,12.141,7.544,70
211,regular,QB,Battersea,Transport UK,DD,,6.5,5.5,5.5,0.0,4.0,9.469,5.884,66
212,regular,NP,Northumberland Park,Go-Ahead,DD,,6.5,7.5,7.0,0.0,4.0,9.272,5.761,58
213,twentyfour,A,Sutton,Go-Ahead,DD,,5.0,5.0,5.0,2.5,4.5,14.66,9.109,88
214,twentyfour,RA,Waterloo,Go-Ahead,SD,,8.0,8.0,8.0,2.0,5.0,9.493,5.899,67
215,regular,T,Leyton,Stagecoach London,DD,,3.0,3.0,3.0,0.0,2.0,8.858,5.504,53
216,regular,FW,Fulwell,First,SD,,3.0,3.0,3.0,0.0,2.0,20.971,13.031,91
217,regular,E,Enfield,Arriva,DD,,5.0,5.0,5.0,0.0,3.5,14.075,8.746,65
218,regular,X,Westbourne Park,First,SD,,5.0,5.0,5.0,0.0,5.0,9.016,5.602,66
219,regular,AL,Merton,Go-Ahead,SD,,5.0,5.0,5.0,0.0,4.0,9.934,6.172,65
220,twentyfour,V,Stamford Brook,First,DD,,7.0,7.5,7.5,2.5,6.0,12.343,7.67,80
221,regular,WN,Wood Green,Arriva,DD,,7.5,7.5,7.5,0.0,5.0,17.13,10.644,109
222,twentyfour,UX,Uxbridge Industrial Estate,Metroline,DD,,6.0,6.0,6.0,3.0,5.0,17.067,10.605,88
223,regular,WJ,Willesden Junction,Metroline,SD,,3.0,3.0,3.0,0.0,2.0,13.843,8.602,71
224,regular,AO,Athlon Road,Metroline,SD,,3.0,3.0,3.0,0.0,2.5,12.455,7.739,61
225,regular,TL,Catford,Stagecoach London,SD,,3.0,3.0,3.0,0.0,3.0,8.929,5.548,58
226,regular,BT,Edgware,First,SD,,5.5,5.0,5.0,0.0,3.0,15.989,9.935,92
227,regular,SM,Sydenham,Go-Ahead,SD,,7.0,6.5,6.5,0.0,4.5,8.887,5.522,57
228,regular,WJ,Willesden Junction,Metroline,SD,,2.0,2.0,2.0,0.0,2.0,14.885,9.249,87
229,regular,DT,Dartford,Arriva,DD,,5.0,5.0,5.0,0.0,4.0,21.547,13.389,126
230,regular,NP,Northumberland Park,Go-Ahead,DD,,4.0,4.0,4.0,0.0,4.0,11.919,7.406,74
231,regular,PB,Potters Bar,Metroline,DD,,4.0,4.0,4.0,0.0,3.0,10.243,6.364,50
232,regular,NP,Northumberland Park,Go-Ahead,SD,,5.0,5.0,5.0,0.0,3.0,21.565,13.4,107
233,regular,MB,Orpington,Go-Ahead,SD,,3.5,3.0,3.0,0.0,2.0,14.679,9.121,90
234,regular,HT,Holloway,Metroline,SD,,5.0,5.0,5.0,0.0,3.0,14.92,9.271,96
235,regular,WK,Hounslow Heath,First,SD,,7.5,7.0,7.5,0.0,5.0,15.84,9.843,96
236,regular,HO,Lea Interchange,Stagecoach London,SD,,6.0,6.0,6.0,0.0,5.0,11.157,6.933,80
237,regular,AH,Brentford,Metroline,DD,,6.5,6.5,6.5,0.0,4.5,14.895,9.255,98
238,twentyfour,BK,Barking,Stagecoach London,DD,,6.0,6.0,6.0,2.5,4.0,7.634,4.744,54
240,regular,EW,Edgware,Metroline,DD,,4.5,4.0,4.0,0.0,3.0,12.359,7.679,71
241,regular,WH,West Ham,Stagecoach London,DD,,5.5,6.0,5.0,0.0,5.0,12.061,7.494,61
242,regular,HK,Ash Grove,Stagecoach London,DD,,5.0,5.0,5.0,0.0,4.5,9.231,5.736,69
243,twentyfour,AR,Tottenham,Arriva,DD,,7.0,7.5,7.5,2.5,7.5,15.893,9.875,116
244,regular,MG,Morden Wharf (Greenwich),Go-Ahead,SD,,5.5,5.0,5.5,0.0,4.0,13.696,8.511,86
245,regular,AO; PV,Athlon Road; Perivale [East],Metroline,DD,,6.0,6.5,6.0,0.0,5.0,15.215,9.454,88
246,regular,TB,Bromley,Stagecoach London,SD,,2.0,2.0,2.0,0.0,1.0,21.724,13.499,96
247,regular,NS,Romford,Stagecoach London,DD,,5.5,5.5,6.0,0.0,3.0,13.254,8.236,66
248,regular,GY,Grays,Arriva,DD,,7.5,7.5,7.5,0.0,4.0,11.13,6.916,67
249,regular,N,Norwood,Arriva,DD,,6.0,6.0,6.0,0.0,5.0,13.083,8.129,90
250,regular,TH,Thornton Heath,Arriva,DD,,8.5,8.5,8.0,0.0,5.0,11.961,7.432,86
251,regular,EW,Edgware,Metroline,SD,,5.5,5.0,5.0,0.0,3.0,14.787,9.188,84
252,regular,RM,Rainham,Stagecoach London,DD,,6.0,6.0,6.0,0.0,4.0,13.606,8.455,85
253,regular,CT,Clapton,Arriva,DD,,8.0,7.0,7.5,0.0,7.5,12.084,7.509,89
254,regular,SF,Stamford Hill,Arriva,DD,,8.0,7.0,7.5,0.0,7.5,12.885,8.006,94
255,regular,TH,Thornton Heath,Arriva,SD,,4.5,4.5,4.5,0.0,4.0,9.34,5.804,60
256,regular,NS; RM,Rainham; Romford,Stagecoach London,DD,,5.0,5.0,5.0,0.0,2.5,11.139,6.921,72
257,regular,T,Leyton,Stagecoach London,DD,,8.0,8.0,8.0,0.0,5.0,8.602,5.345,56
258,regular,HD,Harrow Weald,Metroline,DD,,4.0,4.0,4.0,0.0,3.0,16.448,10.221,90
259,regular,AR,Tottenham,Arriva,DD,,6.0,6.0,6.0,0.0,5.0,12.812,7.961,91
260,regular,AC,Willesden,Metroline,DD,,5.0,5.0,5.0,0.0,4.0,16.654,10.348,108
261,regular,TB,Bromley,Stagecoach London,DD,,5.0,5.0,5.0,0.0,4.0,14.581,9.06,83
262,regular,RR,River Road,Go-Ahead,DD,,5.5,5.5,5.5,0.0,4.0,9.233,5.737,60
263,regular,PB,Potters Bar,Metroline,DD,,6.0,6.0,6.0,0.0,5.0,16.966,10.542,118
264,twentyfour,C,Croydon,Go-Ahead,DD,,5.0,4.5,5.0,2.0,4.0,10.536,6.547,63
265,regular,AF,Putney,Go-Ahead,SD,,4.5,4.5,4.5,0.0,4.5,17.608,10.941,89
266,regular,W,Cricklewood,Metroline,DD,,7.0,7.5,7.5,0.0,6.0,12.947,8.045,87
267,regular,TF,Fulwell (Twickenham),Transport UK,DD,,6.0,5.5,5.5,0.0,4.5,13.83,8.594,93
268,regular,W,Cricklewood,Metroline,SD,,4.0,4.0,4.0,0.0,3.0,5.839,3.628,39
269,regular,BX,Bexleyheath,Go-Ahead,DD,,5.0,5.0,5.0,0.0,4.0,16.312,10.136,88
270,regular,BC,Beddington,Transport UK,DD,,6.0,6.0,6.0,0.0,5.0,10.096,6.273,71
272,regular,V,Stamford Brook,First,SD,,3.5,4.0,4.0,0.0,3.5,9.518,5.914,59
273,regular,TL,Catford,Stagecoach London,SD,,3.0,3.0,3.0,0.0,2.0,18.431,11.452,107
274,regular,HT; KC,Holloway; King's Cross,Metroline,DD,,4.5,5.0,4.5,0.0,5.5,11.22,6.972,77
275,regular,T,Leyton,Stagecoach London,DD,,4.0,4.5,4.5,0.0,2.5,18.671,11.602,96
276,regular,HO,Lea Interchange,Stagecoach London,SD,,4.5,4.5,4.5,0.0,4.0,17.444,10.839,119
277,regular,HK,Ash Grove,Stagecoach London,DD,,5.0,5.5,5.5,0.0,5.0,12.294,7.639,89
278,regular,DH,Hayes,Transport UK,DD,,4.5,4.0,4.0,0.0,3.0,16.802,10.44,90
279,regular,E,Enfield,Arriva,DD,,10.0,10.0,9.0,0.0,6.0,14.561,9.048,94
280,regular,GM,Ellis Road,Go-Ahead,DD,,6.5,6.0,6.0,0.0,5.0,11.95,7.426,77
281,twentyfour,FW,Fulwell,First,DD,281N; 281R,5.0,5.5,5.5,2.5,4.5,18.725,11.635,118
282,regular,G,Greenford,Metroline,DD,,5.0,5.0,5.0,0.0,4.0,19.158,11.904,109
284,regular,KB,Kangley Bridge Road,Stagecoach London,SD,,6.0,5.5,6.0,0.0,3.0,10.666,6.627,70
285,twentyfour,TF,Fulwell (Twickenham),Transport UK,DD,,4.5,4.5,5.0,2.0,4.5,20.191,12.546,103
286,regular,MG,Morden Wharf (Greenwich),Go-Ahead,DD,,5.5,5.0,5.5,0.0,3.0,14.717,9.144,92
287,regular,RM,Rainham,Stagecoach London,DD,,4.0,4.0,4.0,0.0,3.0,13.204,8.205,75
288,regular,BT,Edgware,First,SD,,6.0,6.0,6.0,0.0,4.0,6.467,4.019,37
289,regular,TH,Thornton Heath,Arriva,DD,,5.0,5.0,5.0,0.0,4.0,14.638,9.095,91
290,regular,FW,Fulwell,First,SD,,3.0,3.0,3.0,0.0,3.0,17.061,10.601,81
291,regular,MG,Morden Wharf (Greenwich),Go-Ahead,DD,,5.0,5.0,5.0,0.0,4.0,6.14,3.815,39
292,regular,UB,Hatfield,Uno,DD,,3.0,3.0,3.0,0.0,3.0,14.508,9.015,82
293,regular,TV,Tolworth,First,SD,,3.0,3.0,3.0,0.0,2.0,12.732,7.911,70
294,regular,NS,Romford,Stagecoach London,DD,,4.0,4.5,4.5,0.0,2.5,15.918,9.891,97
295,twentyfour,X,Westbourne Park,First,DD,,7.0,7.0,7.0,2.0,5.0,12.304,7.645,87
296,regular,NS,Romford,Stagecoach London,SD,,3.5,3.5,4.0,0.0,2.0,13.538,8.412,61
297,twentyfour,PV,Perivale [East],Metroline,DD,,5.0,5.0,5.0,2.5,4.5,15.007,9.325,88
298,regular,UB,Hatfield,Uno,DD,,3.0,3.0,3.0,0.0,2.0,12.492,7.762,51
299,regular,NP,Northumberland Park,Go-Ahead,SD,,4.0,4.0,4.0,0.0,2.0,9.468,5.883,58
300,regular,SI,Silvertown,Go-Ahead,SD,,4.0,4.0,4.0,0.0,3.0,11.957,7.43,89
301,regular,DT,Dartford,Arriva,DD,,5.0,5.0,5.0,0.0,5.0,12.76,7.929,79
302,regular,AC,Willesden,Metroline,DD,,6.5,6.5,6.5,0.0,4.5,12.751,7.923,76
303,regular,BT,Edgware,First,SD,,4.0,4.0,4.0,0.0,3.0,11.286,7.013,60
304,regular,RR,River Road,Go-Ahead,DD,,5.0,5.0,5.0,0.0,4.0,8.326,5.174,60
306,regular,QB,Battersea,Transport UK,DD,,4.5,5.0,4.5,0.0,4.0,8.49,5.276,58
307,regular,E,Enfield,Arriva,DD,,6.0,5.5,6.5,0.0,3.0,15.329,9.525,83
308,regular,HO,Lea Interchange,Stagecoach London,DD,,5.0,5.0,5.0,0.0,3.0,14.441,8.973,74
309,regular,HK,Ash Grove,Stagecoach London,SD,,4.5,4.5,4.5,0.0,4.0,7.841,4.872,49
310,regular,HK,Ash Grove,Stagecoach London,SD,,3.0,3.0,3.0,0.0,3.0,11.743,7.297,72
312,regular,TC,Croydon,Arriva,DD,,5.0,5.0,5.0,0.0,3.0,12.915,8.025,79
313,regular,E,Enfield,Arriva,DD,313S,3.0,3.0,3.0,0.0,2.5,19.032,11.826,72
314,regular,TB,Bromley,Stagecoach London,SD,,5.0,5.0,5.0,0.0,3.0,22.679,14.092,131
315,regular,BC,Beddington,Transport UK,SD,,3.0,3.0,3.0,0.0,2.0,8.697,5.404,60
316,regular,WJ,Willesden Junction,Metroline,SD,,7.0,6.5,7.0,0.0,5.0,12.036,7.479,81
317,regular,PB,Potters Bar,Metroline,DD,,3.0,3.0,3.0,0.0,2.0,8.26,5.133,43
318,regular,NP,Northumberland Park,Go-Ahead,SD,,5.0,5.0,5.0,0.0,4.0,9.876,6.136,62
319,regular,BN,Brixton Hill,Arriva,DD,,5.5,6.0,6.5,0.0,4.5,11.95,7.426,81
320,regular,MB,Orpington,Go-Ahead,DD,,5.0,5.0,5.0,0.0,3.0,19.918,12.376,100
321,twentyfour,NX,New Cross,Go-Ahead,DD,,5.0,5.0,5.0,2.5,5.0,16.198,10.065,104
322,regular,QB,Battersea,Transport UK,SD,,4.5,4.0,4.0,0.0,4.0,10.66,6.624,70
323,regular,WH,West Ham,Stagecoach London,SD,,3.0,3.0,3.0,0.0,3.0,5.411,3.362,26
324,regular,W,Cricklewood,Metroline,SD,,3.0,3.0,3.0,0.0,3.0,17.203,10.69,93
325,regular,RR,River Road,Go-Ahead,SD,,5.0,5.0,5.0,0.0,3.0,12.931,8.035,83
326,regular,BT,Edgware,First,SD,,5.0,5.0,5.0,0.0,4.0,17.867,11.102,120
327,regular,PB,Potters Bar,Metroline,SD,,1.5,1.5,1.5,0.0,1.5,2.992,1.859,10
328,regular,W,Cricklewood,Metroline,DD,,6.5,6.0,6.0,0.0,5.0,12.91,8.022,98
329,regular,WN,Wood Green,Arriva,DD,,7.5,7.5,7.5,0.0,7.5,8.887,5.522,65
330,regular,DS,Henley Road,Go-Ahead,DD,,5.0,5.0,5.0,0.0,3.0,8.429,5.238,56
331,regular,UX,Uxbridge Industrial Estate,Metroline,SD,,3.0,3.0,3.0,0.0,2.0,21.807,13.55,95
333,regular,SW,Stockwell,Go-Ahead,DD,,5.5,5.0,5.0,0.0,5.0,11.673,7.253,88
335,regular,DT,Dartford,Arriva,DD,,5.0,5.0,5.0,0.0,4.0,8.471,5.263,38
336,regular,TB,Bromley,Stagecoach London,SD,,4.5,4.0,4.0,0.0,3.0,17.454,10.846,110
337,regular,QB,Battersea,Transport UK,DD,,5.0,4.5,4.5,0.0,4.5,11.009,6.841,69
339,regular,HO,Lea Interchange,Stagecoach London,SD,,4.0,4.0,4.0,0.0,3.0,13.522,8.402,78
340,regular,BT,Edgware,First,DD,,5.0,5.0,5.0,0.0,4.0,9.784,6.079,54
341,twentyfour,AR,Tottenham,Arriva,DD,,4.5,5.0,5.0,3.0,5.0,17.21,10.694,116
343,regular,NX,New Cross,Go-Ahead,DD,,8.0,7.5,7.5,0.0,5.0,13.237,8.225,84
344,twentyfour,QB,Battersea,Transport UK,DD,,6.0,6.5,6.5,3.5,6.5,11.452,7.116,77
345,twentyfour,QB,Battersea,Transport UK,DD,,6.5,6.5,6.5,2.0,4.5,14.517,9.021,103
346,regular,RM,Rainham,Stagecoach London,SD,,2.5,2.5,2.5,0.0,2.5,16.29,10.122,84
349,regular,AR,Tottenham,Arriva,DD,,6.0,6.0,6.0,0.0,5.0,9.369,5.822,65
350,regular,DH,Hayes,Transport UK,SD,,3.0,3.0,3.0,0.0,3.0,13.202,8.203,57
352,regular,SM,Sydenham,Go-Ahead,SD,,3.0,3.0,3.0,0.0,2.0,13.8,8.575,89
353,regular,MB,Orpington,Go-Ahead,DD,,3.5,3.0,3.0,0.0,2.0,16.854,10.473,85
354,regular,SM,Sydenham,Go-Ahead,SD,,3.0,3.0,3.0,0.0,2.5,10.971,6.817,76
355,regular,Q,Camberwell,Go-Ahead,SD,,5.0,5.0,5.0,0.0,4.0,10.895,6.77,75
356,regular,KB,Kangley Bridge Road,Stagecoach London,SD,,3.0,3.0,3.0,0.0,2.0,16.02,9.955,105
357,regular,NP,Northumberland Park,Go-Ahead,DD,,2.0,2.0,2.0,0.0,2.0,9.164,5.694,60
358,regular,MB,Orpington,Go-Ahead,SD,,5.0,5.0,5.0,0.0,3.0,24.964,15.512,152
359,regular,C,Croydon,Go-Ahead,SD,,1.5,1.5,1.5,0.0,1.5,10.311,6.407,53
360,regular,Q,Camberwell,Go-Ahead,SD,,5.0,5.0,5.0,0.0,4.5,9.846,6.118,59
362,regular,BK,Barking,Stagecoach London,SD,,1.5,1.5,2.0,0.0,2.0,12.474,7.751,59
363,regular,WL,Walworth,Transport UK,DD,,6.5,6.0,6.0,0.0,5.0,11.533,7.166,75
364,regular,RR,River Road,Go-Ahead,SD,,5.5,6.0,6.0,0.0,4.0,12.462,7.743,68
365,twentyfour,NS; RM,Rainham; Romford,Stagecoach London,DD,,5.0,5.0,5.0,2.0,3.0,15.521,9.644,88
366,regular,RR,River Road,Go-Ahead,SD,,6.5,6.0,6.0,0.0,4.0,20.08,12.477,98
367,regular,BC,Beddington,Transport UK,SD,,3.0,3.0,3.0,0.0,2.0,19.403,12.057,124
368,regular,RR,River Road,Go-Ahead,DD,,5.0,5.0,5.0,0.0,3.0,9.94,6.176,57
370,regular,GY,Grays,Arriva,DD,,5.5,5.0,5.0,0.0,4.0,20.313,12.622,84
371,regular,FW,Fulwell,First,SD,,5.0,5.0,5.0,0.0,5.0,12.821,7.967,80
372,regular,RM,Rainham,Stagecoach London,DD,,3.0,3.0,3.0,0.0,3.0,18.459,11.47,78
375,regular,GY,Grays,Arriva,SD,,0.5,1.0,0.5,0.0,0.5,12.179,7.568,56
376,regular,DS,Henley Road,Go-Ahead,SD,,4.5,4.5,4.5,0.0,2.0,10.127,6.293,70
377,regular,E,Enfield,Arriva,SD,,2.0,2.0,2.0,0.0,2.0,9.689,6.02,67
378,regular,SW,Stockwell,Go-Ahead,SD,,4.0,4.0,4.0,0.0,4.0,4.522,2.81,29
379,regular,AW,Walthamstow Avenue,Stagecoach London,SD,,3.0,3.0,4.0,0.0,2.0,3.623,2.251,27
380,regular,PD,Plumstead,Stagecoach London,SD,,5.0,5.5,5.0,0.0,4.0,14.858,9.232,94
381,regular,WL,Walworth,Transport UK,DD,,5.0,4.5,4.5,0.0,4.5,14.471,8.992,104
382,regular,PB,Potters Bar,Metroline,SD,,4.0,4.0,4.0,0.0,2.0,14.008,8.704,85
383,regular,UB,Hatfield,Uno,SD,,2.0,2.0,2.0,0.0,2.0,12.72,7.904,70
384,regular,PB,Potters Bar,Metroline,SD,,3.0,3.0,3.0,0.0,2.0,16.268,10.108,88
385,regular,AW,Walthamstow Avenue,Stagecoach London,SD,,0.0,0.5,1.0,0.0,1.0,7.098,4.41,39
386,regular,MG,Morden Wharf (Greenwich),Go-Ahead,SD,,3.5,3.5,3.5,0.0,3.5,15.92,9.892,101
388,regular,HK,Ash Grove,Stagecoach London,DD,,5.0,5.0,5.0,0.0,5.0,10.009,6.219,55
389,regular,NP,Northumberland Park,Go-Ahead,SD,,0.0,0.0,1.0,0.0,1.0,2.61,1.622,26
390,twentyfour,HT,Holloway,Metroline,DD,,6.5,6.0,6.0,3.0,6.0,11.566,7.187,73
393,regular,HT,Holloway,Metroline,SD,,5.0,5.0,5.0,0.0,4.5,13.549,8.419,95
394,regular,HK,Ash Grove,Stagecoach London,SD,,4.0,4.0,4.0,0.0,4.0,8.23,5.114,64
395,regular,SO,Harrow,First,SD,,3.0,3.0,3.0,0.0,2.0,9.41,5.847,57
396,regular,RR,River Road,Go-Ahead,SD,,3.0,3.0,3.0,0.0,3.0,7.275,4.521,39
397,regular,AW,Walthamstow Avenue,Stagecoach London,SD,,3.0,2.0,2.0,0.0,2.0,15.65,9.725,75
398,regular,SO,Harrow,First,SD,,2.0,2.0,2.0,0.0,2.0,10.216,6.348,56
399,regular,NP,Northumberland Park,Go-Ahead,SD,,0.0,0.0,1.0,0.0,1.0,4.85,3.014,31
401,regular,BX,Bexleyheath,Go-Ahead,DD,,4.5,4.0,4.0,0.0,2.0,12.579,7.816,71
403,regular,C,Croydon,Go-Ahead,DD,,5.0,5.0,5.0,0.0,3.0,10.248,6.368,52
404,regular,BC,Beddington,Transport UK,SD,,2.0,2.0,2.0,0.0,2.0,13.582,8.44,77
405,regular,TC,Croydon,Arriva,DD,,4.0,4.0,4.0,0.0,3.0,17.607,10.94,80
406,regular,TV,Tolworth,First,DD,,2.5,2.5,3.0,0.0,2.5,11.404,7.086,62
407,regular,BC,Beddington,Transport UK,DD,,5.0,5.0,5.0,0.0,3.0,22.053,13.703,117
410,regular,N; TH,Norwood; Thornton Heath,Arriva,SD,,6.5,5.5,6.0,0.0,4.0,15.448,9.599,96
411,regular,TV,Tolworth,First,DD,,4.0,4.0,3.0,0.0,2.0,7.012,4.357,32
412,regular,TC,Croydon,Arriva,DD,,3.0,3.0,3.0,0.0,2.0,10.619,6.598,66
413,regular,AL,Merton,Go-Ahead,SD,,4.0,4.0,4.0,0.0,2.0,10.453,6.495,54
415,regular,QB,Battersea,Transport UK,DD,,5.0,5.0,5.0,0.0,3.0,8.643,5.371,56
417,regular,BN,Brixton Hill,Arriva,DD,,5.0,5.0,5.0,0.0,4.0,9.078,5.641,65
418,regular,TV,Tolworth,First,DD,,2.5,2.5,3.0,0.0,2.5,11.979,7.443,67
419,regular,AV,Hounslow,First,SD,,5.0,5.0,5.0,0.0,4.0,12.386,7.696,68
422,regular,PD,Plumstead,Stagecoach London,DD,,5.5,5.5,6.0,0.0,5.0,18.717,11.63,105
423,regular,WK,Hounslow Heath,First,DD,,3.0,3.0,3.0,0.0,2.0,15.289,9.5,63
424,regular,SW,Stockwell,Go-Ahead,SD,,1.5,2.0,1.5,0.0,1.5,12.136,7.541,53
425,regular,BW,Bow,Stagecoach London,DD,,5.0,5.0,5.0,0.0,4.5,15.523,9.645,101
427,regular,GW,Southall,Transport UK,DD,,7.5,7.5,7.5,0.0,6.0,11.029,6.853,69
428,regular,DT,Dartford,Arriva,DD,,4.0,4.0,4.0,0.0,2.0,15.719,9.768,54
430,regular,AF,Putney,Go-Ahead,DD,,5.0,4.5,4.5,0.0,4.5,10.89,6.767,71
432,regular,N,Norwood,Arriva,DD,,5.0,5.0,5.0,0.0,4.0,8.119,5.045,61
433,regular,BC,Beddington,Transport UK,SD,,6.0,6.0,6.0,0.0,3.0,10.2,6.338,66
434,regular,C,Croydon,Go-Ahead,SD,,2.0,2.0,2.0,0.0,2.0,15.403,9.571,69
436,regular,NX,New Cross,Go-Ahead,DD,,4.5,4.5,4.5,0.0,4.5,11.952,7.427,80
439,regular,C,Croydon,Go-Ahead,SD,,2.0,1.5,2.0,0.0,1.5,10.696,6.646,60
440,regular,V,Stamford Brook,First,SD,,4.0,4.0,4.0,0.0,4.0,14.382,8.936,90
444,regular,NP,Northumberland Park,Go-Ahead,SD,,5.0,5.0,5.0,0.0,4.0,12.469,7.748,71
450,regular,C,Croydon,Go-Ahead,SD,,6.0,6.0,6.0,0.0,4.0,13.689,8.506,95
452,regular,X,Westbourne Park,First,DD,,5.0,5.0,5.0,0.0,5.0,10.405,6.465,69
453,twentyfour,NX,New Cross,Go-Ahead,DD,,7.5,7.5,7.5,2.5,6.0,13.383,8.316,75
456,regular,NP,Northumberland Park,Go-Ahead,SD,,2.0,2.0,2.0,0.0,1.0,16.133,10.024,71
460,regular,AC,Willesden,Metroline,DD,,5.0,5.0,5.0,0.0,4.0,10.13,6.294,70
462,regular,BK,Barking,Stagecoach London,SD,,4.0,4.0,4.0,0.0,2.0,13.488,8.381,60
463,regular,C,Croydon,Go-Ahead,SD,,3.0,3.0,3.0,0.0,2.0,21.674,13.467,123
464,regular,BC,Beddington,Transport UK,SD,,2.0,2.0,2.0,0.0,1.0,9.882,6.141,39
465,regular,TF,Fulwell (Twickenham),Transport UK,SD,,2.0,1.5,2.0,0.0,1.5,26.867,16.694,116
466,regular,TC,Croydon,Arriva,DD,466S,7.5,8.0,7.5,0.0,5.0,19.311,11.999,99
467,regular,TV,Tolworth,First,DD,,1.5,1.0,1.0,0.0,1.0,9.566,5.944,64
468,regular,N,Norwood,Arriva,DD,,7.0,6.5,6.5,0.0,4.0,17.972,11.167,122
469,regular,MG,Morden Wharf (Greenwich),Go-Ahead,SD,,4.0,4.0,4.0,0.0,3.0,16.209,10.072,98
470,regular,GM,Ellis Road,Go-Ahead,SD,,2.0,2.0,2.0,0.0,2.0,10.172,6.321,52
473,regular,DS,Henley Road,Go-Ahead,DD,,5.5,5.5,5.5,0.0,4.0,9.322,5.793,56
474,twentyfour,DS,Henley Road,Go-Ahead,DD,,5.0,5.0,5.0,2.5,4.0,15.361,9.545,99
476,regular,NP,Northumberland Park,Go-Ahead,DD,,5.5,6.0,6.0,0.0,5.0,11.861,7.37,82
481,regular,AH; TF,Brentford; Fulwell (Twickenham),Metroline; Transport UK,DD,481D,2.0,2.0,2.0,0.0,1.5,13.832,8.595,83
482,regular,GW,Southall,Transport UK,DD,,3.0,3.0,3.0,0.0,3.0,17.735,11.02,62
483,regular,PV,Perivale [East],Metroline,DD,,5.5,5.5,5.5,0.0,5.0,16.794,10.436,89
484,regular,Q,Camberwell,Go-Ahead,SD,,5.0,5.0,5.0,0.0,4.0,10.897,6.771,79
485,regular,QB,Battersea,Transport UK,SD,,1.5,2.0,2.0,0.0,2.0,8.131,5.053,44
486,twentyfour,BX,Bexleyheath,Go-Ahead,DD,,5.0,5.5,5.5,3.0,4.0,14.893,9.254,76
487,regular,WJ,Willesden Junction,Metroline,SD,,4.5,4.5,4.5,0.0,3.0,14.335,8.907,80
488,regular,HO,Lea Interchange,Stagecoach London,SD,,4.0,4.0,4.0,0.0,3.0,9.598,5.964,70
490,regular,TF,Fulwell (Twickenham),Transport UK,SD,,5.0,5.0,5.0,0.0,3.0,21.218,13.184,85
491,regular,PB,Potters Bar,Metroline,SD,,3.0,3.0,3.0,0.0,3.0,16.171,10.048,58
492,regular,DT,Dartford,Arriva,DD,,2.0,2.0,2.0,0.0,2.0,23.13,14.373,116
493,regular,AL,Merton,Go-Ahead,SD,,4.5,4.5,4.5,0.0,3.0,19.398,12.054,117
496,regular,RM,Rainham,Stagecoach London,DD,,3.5,3.5,3.5,0.0,3.0,12.878,8.002,82
498,regular,NS,Romford,Stagecoach London,DD,,2.5,3.0,2.5,0.0,2.5,11.752,7.302,51
499,regular,RM,Rainham,Stagecoach London,SD,,2.5,2.5,2.5,0.0,2.5,17.462,10.85,93
533,regular,SW,Stockwell,Go-Ahead,SD,,4.0,4.0,4.0,0.0,4.0,9.141,5.68,42
601,school,MG,Morden Wharf (Greenwich),Go-Ahead,DD,,,,,,0.0,18.259,11.346,48
602,school,PD,Plumstead,Stagecoach London,DD,,,,,,0.0,14.84,9.221,84
603,school,HT,Holloway,Metroline,DD,,,,,,0.0,9.169,5.697,57
606,school,EW,Edgware,Metroline,DD,,,,,,0.0,15.486,9.623,74
608,school,RR,River Road,Go-Ahead,DD,,,,,,0.0,11.664,7.248,45
612,school,TH,Thornton Heath,Arriva,DD,,,,,,0.0,10.722,6.662,65
613,school,TV,Tolworth,First,DD,,,,,,0.0,13.03,8.097,78
616,school,WN,Wood Green,Arriva,DD,,,,,,0.0,11.142,6.923,62
617,school,PB,Potters Bar,Metroline,DD,,,,,,0.0,10.692,6.644,47
618,school,GW,Southall,Transport UK,DD,,,,,,0.0,7.093,4.407,46
621,school,TL,Catford,Stagecoach London,DD,,,,,,0.0,8.368,5.2,51
624,school,MG,Morden Wharf (Greenwich),Go-Ahead,DD,,,,,,0.0,9.131,5.674,56
625,school,MG,Morden Wharf (Greenwich),Go-Ahead,DD,,,,,,0.0,11.474,7.13,69
626,school,PB,Potters Bar,Metroline,DD,,,,,,0.0,18.021,11.198,77
627,school,N,Norwood,Arriva,DD,,,,,,0.0,10.322,6.414,58
628,school,UB,Hatfield,Uno,DD,,,,,,0.0,18.537,11.519,48
629,school,PB,Potters Bar,Metroline,DD,,,,,,0.0,11.786,7.323,75
631,school,W,Cricklewood,Metroline,SD,,,,,,0.0,1.857,1.154,20
632,school,W,Cricklewood,Metroline,DD,,,,,,0.0,10.472,6.507,68
633,school,C,Croydon,Go-Ahead,DD,,,,,,0.0,19.694,12.238,97
634,school,PB,Potters Bar,Metroline,DD,,,,,,0.0,9.648,5.995,64
635,school,SG,Lampton,Metroline,DD,,,,,,0.0,10.861,6.749,55
638,school,TB,Bromley,Stagecoach London,DD,,,,,,0.0,17.035,10.585,92
639,school,QB,Battersea,Transport UK,DD,,,,,,0.0,12.459,7.742,81
640,school,G,Greenford,Metroline,DD,,,,,,0.0,8.42,5.232,44
642,school,EW,Edgware,Metroline,DD,,,,,,0.0,10.203,6.34,62
643,school,UB,Hatfield,Uno,DD,,,,,,0.0,5.778,3.59,40
645,school,TC,Croydon,Arriva,DD,,,,,,0.0,7.527,4.677,47
646,school,RR,River Road,Go-Ahead,SD,,,,,,0.0,14.009,8.705,90
649,school,WH,West Ham,Stagecoach London,DD,,,,,,0.0,8.864,5.508,39
650,school,WH,West Ham,Stagecoach London,DD,,,,,,0.0,7.801,4.848,36
651,school,WH,West Ham,Stagecoach London,DD,,,,,,0.0,9.539,5.927,59
652,school,RR,River Road,Go-Ahead,DD,,,,,,0.0,12.208,7.586,69
653,school,UB,Hatfield,Uno,DD,,,,,,0.0,12.55,7.798,78
655,school,BC,Beddington,Transport UK,DD,,,,,,0.0,7.09,4.405,42
656,school,RR,River Road,Go-Ahead,DD,,,,,,0.0,8.976,5.578,49
657,school,T,Leyton,Stagecoach London,DD,,,,,,0.0,6.829,4.243,32
658,school,MG,Morden Wharf (Greenwich),Go-Ahead,DD,,,,,,0.0,9.496,5.901,64
660,school,TL,Catford,Stagecoach London,DD,,,,,,0.0,9.3,5.778,54
661,school,TL,Catford,Stagecoach London,DD,,,,,,0.0,7.277,4.522,40
662,school,TV,Tolworth,First,DD,,,,,,0.0,6.661,4.139,41
663,school,TH,Thornton Heath,Arriva,DD,,,,,,0.0,6.611,4.108,44
664,school,MB,Orpington,Go-Ahead,DD,,,,,,0.0,19.916,12.375,79
665,school,TV,Tolworth,First,SD,,,,,,0.0,7.89,4.902,47
667,school,BK; WH,Barking; West Ham,Stagecoach London,DD,,,,,,0.0,9.428,5.858,55
669,school,PD,Plumstead,Stagecoach London,DD,,,,,,0.0,18.51,11.501,106
670,school,QB,Battersea,Transport UK,DD,,,,,,0.0,10.03,6.232,60
671,school,TF,Fulwell (Twickenham),Transport UK,DD,,,,,,0.0,10.786,6.702,73
672,school,PD,Plumstead,Stagecoach London,DD,,,,,,0.0,4.576,2.843,19
674,school,RM,Rainham,Stagecoach London,DD,,,,,,0.0,8.75,5.437,61
675,school,AD,Palmers Green,Arriva,DD,,,,,,0.0,12.863,7.992,71
677,school,NP,Northumberland Park,Go-Ahead,DD,,,,,,0.0,20.526,12.754,68
678,school,HO,Lea Interchange,Stagecoach London,DD,,,,,,0.0,9.927,6.168,65
679,school,RR,River Road,Go-Ahead,DD,,,,,,0.0,13.09,8.134,73
681,school,FW,Fulwell,First,DD,,,,,,0.0,11.464,7.123,69
683,school,UB,Hatfield,Uno,DD,,,,,,0.0,11.849,7.363,78
684,school,TB,Bromley,Stagecoach London,DD,,,,,,0.0,15.088,9.375,61
685,school,TC,Croydon,Arriva,DD,,,,,,0.0,3.546,2.203,11
686,school,RR,River Road,Go-Ahead,DD,,,,,,0.0,6.366,3.956,41
687,school,RR,River Road,Go-Ahead,DD,,,,,,0.0,7.631,4.742,43
688,school,UB,Hatfield,Uno,DD,,,,,,0.0,19.644,12.206,103
689,school,TH,Thornton Heath,Arriva,DD,,,,,,0.0,6.87,4.269,48
690,school,SW,Stockwell,Go-Ahead,DD,,,,,,0.0,11.579,7.195,72
695,school,AV,Hounslow,First,DD,,,,,,0.0,9.36,5.816,44
696,school,AV,Hounslow,First,DD,,,,,,0.0,20.16,12.527,110
697,school,UX,Uxbridge Industrial Estate,Metroline,DD,,,,,,0.0,11.052,6.868,61
698,school,AV,Hounslow,First,DD,,,,,,0.0,11.347,7.051,70
699,school,UB,Hatfield,Uno,DD,,,,,,0.0,14.557,9.045,58
969,school,GW,Southall,Transport UK,SD,,,,,,0.0,18.619,11.569,83
A10,regular,UX,Uxbridge Industrial Estate,Metroline,SD,,3.0,3.0,3.0,0.0,2.0,12.713,7.9,38
B11,regular,BX,Bexleyheath,Go-Ahead,SD,,4.0,4.0,4.0,0.0,2.0,11.749,7.3,67
B12,regular,BX,Bexleyheath,Go-Ahead,SD,,3.5,3.0,3.0,0.0,2.0,18.084,11.237,103
B13,regular,BX,Bexleyheath,Go-Ahead,SD,,3.0,3.0,3.0,0.0,2.5,9.052,5.625,49
B14,regular,TB,Bromley,Stagecoach London,SD,,2.0,1.5,2.0,0.0,2.0,22.099,13.732,97
B15,regular,BX,Bexleyheath,Go-Ahead,SD,,3.0,3.0,3.0,0.0,2.5,12.96,8.053,77
B16,regular,BX,Bexleyheath,Go-Ahead,SD,,4.0,4.0,4.0,0.0,2.0,14.468,8.99,82
BL1,regular,RA,Waterloo,Go-Ahead,DD,,5.0,5.0,5.0,0.0,4.5,9.288,5.771,17
C1,regular,S,Shepherd's Bush,First,SD,,5.0,5.0,5.0,0.0,5.0,9.642,5.992,63
C3,regular,QB,Battersea,Transport UK,DD,,5.5,5.5,5.5,0.0,4.0,6.725,4.179,49
C10,regular,WL,Walworth,Transport UK,SD,,7.0,6.5,6.5,0.0,4.5,14.654,9.106,93
C11,regular,HT,Holloway,Metroline,SD,,6.5,6.0,6.0,0.0,5.0,13.13,8.159,103
D3,regular,DS,Henley Road,Go-Ahead,SD,,4.0,4.0,4.0,0.0,3.0,10.839,6.735,68
D6,regular,HK,Ash Grove,Stagecoach London,DD,,6.0,6.5,6.5,0.0,4.0,8.019,4.983,61
D7,regular,HK,Ash Grove,Stagecoach London,DD,,5.0,5.0,5.0,0.0,4.0,9.464,5.881,67
D8,regular,HO,Lea Interchange,Stagecoach London,DD,,4.0,4.0,4.0,0.0,3.0,8.796,5.465,53
E1,regular,G,Greenford,Metroline,DD,,6.0,6.0,6.0,0.0,6.0,4.996,3.105,28
E2,regular,AH,Brentford,Metroline,DD,,6.5,6.5,6.5,0.0,5.5,10.609,6.592,61
E3,regular,V,Stamford Brook,First,DD,,7.0,6.0,7.0,0.0,6.0,14.728,9.152,87
E5,regular,GW,Southall,Transport UK,SD,,5.0,5.0,5.0,0.0,3.0,11.455,7.118,66
E6,regular,DH,Hayes,Transport UK,SD,,4.5,4.0,4.5,0.0,4.5,13.436,8.349,71
E7,regular,GW,Southall,Transport UK,SD,,5.0,5.0,5.0,0.0,3.0,14.603,9.074,75
E8,regular,AH,Brentford,Metroline,DD,,6.0,6.5,6.5,0.0,5.5,11.466,7.125,80
E9,regular,G,Greenford,Metroline,DD,,4.5,4.5,4.5,0.0,3.0,10.081,6.264,54
E10,regular,GW,Southall,Transport UK,SD,,4.0,4.0,4.0,0.0,3.0,11.321,7.035,67
E11,regular,GW,Southall,Transport UK,SD,,3.0,3.0,3.0,0.0,2.0,8.052,5.003,55
EL1,twentyfour,RR,River Road,Go-Ahead,DD,,11.0,11.0,11.0,2.0,6.0,8.996,5.59,55
EL2,regular,RR,River Road,Go-Ahead,DD,,7.5,7.5,7.5,0.0,4.0,12.146,7.547,65
EL3,regular,RR,River Road,Go-Ahead,DD,,6.5,6.0,6.0,0.0,3.0,13.425,8.342,71
G1,regular,QB,Battersea,Transport UK,SD,,3.0,3.0,3.0,0.0,3.0,17.694,10.994,98
H2,regular,W,Cricklewood,Metroline,SD,,5.0,5.0,5.0,0.0,3.0,7.553,4.693,38
H3,regular,W,Cricklewood,Metroline,SD,,0.5,0.0,1.0,0.0,1.0,9.721,6.04,77
H9,regular,SO,Harrow,First,SD,,5.5,6.0,6.0,0.0,4.0,17.38,10.799,45
H10,regular,SO,Harrow,First,SD,,6.0,6.0,6.0,0.0,4.0,16.989,10.556,41
H11,regular,BT,Edgware,First,SD,,4.0,4.0,4.0,0.0,3.0,11.045,6.863,66
H12,regular,BT,Edgware,First,DD,,6.0,6.0,6.0,0.0,5.0,14.481,8.998,88
H13,regular,UX,Uxbridge Industrial Estate,Metroline,SD,,3.0,3.0,3.0,0.0,3.0,12.624,7.844,77
H14,regular,BT,Edgware,First,DD,,6.0,6.0,6.0,0.0,4.0,6.89,4.281,36
H17,regular,WJ,Willesden Junction,Metroline,SD,,4.5,4.0,4.0,0.0,3.5,7.904,4.911,46
H18,regular,SO,Harrow,First,SD,,3.0,3.0,3.0,0.0,2.0,14.033,8.719,40
H19,regular,SO,Harrow,First,SD,,3.5,3.0,3.0,0.0,2.0,14.441,8.973,41
H20,regular,TF,Fulwell (Twickenham),Transport UK,SD,,4.5,4.0,4.5,0.0,3.0,6.861,4.263,44
H22,regular,AV,Hounslow,First,SD,,5.0,5.0,5.0,0.0,3.0,12.04,7.481,79
H25,regular,TF,Fulwell (Twickenham),Transport UK,SD,,4.5,4.5,4.5,0.0,4.5,12.265,7.621,76
H26,regular,TF,Fulwell (Twickenham),Transport UK,SD,,3.0,3.0,3.0,0.0,2.0,9.129,5.672,39
H28,regular,GW,Southall,Transport UK,SD,,3.5,3.0,3.0,0.0,2.5,17.927,11.14,118
H32,regular,GW,Southall,Transport UK,DD,,5.0,5.0,5.0,0.0,4.5,8.711,5.413,51
H37,regular,AV,Hounslow,First,SD,,8.0,8.5,8.0,0.0,6.0,7.972,4.953,49
H91,regular,AH,Brentford,Metroline,DD,,5.5,5.5,5.5,0.0,3.5,12.513,7.775,71
H98,regular,AV,Hounslow,First,DD,,5.5,6.0,5.5,0.0,5.0,13.8,8.575,83
K1,regular,TV,Tolworth,First,SD,,5.5,5.5,5.5,0.0,4.0,14.383,8.937,76
K2,regular,TV,Tolworth,First,SD,,5.0,5.0,5.0,0.0,4.0,12.089,7.512,73
K3,regular,FW,Fulwell,First,SD,,4.5,4.0,4.0,0.0,3.0,20.1,12.49,97
K4,regular,TV,Tolworth,First,SD,,2.0,2.0,2.0,0.0,2.0,11.452,7.116,68
K5,regular,TV,Tolworth,First,SD,,1.5,1.5,1.5,0.0,1.5,20.374,12.66,93
P4,regular,NX,New Cross,Go-Ahead,SD,,5.0,5.0,5.0,0.0,5.0,12.206,7.585,79
P5,regular,WL,Walworth,Transport UK,SD,,4.0,4.0,4.0,0.0,3.0,11.049,6.866,77
P12,regular,PM,Peckham,Go-Ahead,SD,,4.0,4.0,4.0,0.0,4.0,14.261,8.862,94
P13,regular,WL,Walworth,Transport UK,SD,,3.5,3.5,3.5,0.0,3.0,14.734,9.155,98
R1,regular,MB,Orpington,Go-Ahead,SD,,3.0,3.0,3.0,0.0,3.0,14.039,8.724,82
R2,regular,MB,Orpington,Go-Ahead,SD,,2.0,2.0,2.0,0.0,2.0,14.338,8.909,66
R3,regular,MB,Orpington,Go-Ahead,SD,,3.0,3.0,3.0,0.0,2.0,15.69,9.749,92
R4,regular,MB,Orpington,Go-Ahead,SD,,3.0,3.0,3.0,0.0,1.0,14.06,8.736,98
R5,regular,MB,Orpington,Go-Ahead,SD,,0.5,0.5,0.5,0.0,0.5,13.632,8.471,50
R7,regular,MB,Orpington,Go-Ahead,SD,,1.5,1.5,2.0,0.0,1.0,16.651,10.346,81
R8,regular,MB,Orpington,Go-Ahead,SD,,0.5,1.0,0.5,0.0,0.5,13.598,8.45,63
R9,regular,MB,Orpington,Go-Ahead,SD,,4.0,4.0,4.0,0.0,2.0,4.371,2.716,25
R10,regular,MB,Orpington,Go-Ahead,SD,,0.5,0.5,0.5,0.0,0.5,13.545,8.417,59
R11,regular,MB,Orpington,Go-Ahead,SD,,5.0,5.0,5.0,0.0,3.0,12.932,8.036,72
R68,regular,TF,Fulwell (Twickenham),Transport UK,SD,,4.0,4.0,4.0,0.0,4.0,14.679,9.121,90
R70,regular,TF,Fulwell (Twickenham),Transport UK,SD,,5.0,5.0,5.0,0.0,4.0,11.948,7.424,77
S1,regular,BC,Beddington,Transport UK,SD,,4.0,4.0,4.0,0.0,3.0,18.982,11.795,82
S2,regular,A,Sutton,Go-Ahead,SD,,3.0,3.0,3.0,0.0,2.0,15.891,9.874,68
S3,regular,BC,Beddington,Transport UK,SD,,5.5,6.0,4.5,0.0,3.0,21.669,13.464,93
S4,regular,C,Croydon,Go-Ahead,SD,,2.0,2.0,2.0,0.0,2.0,21.776,13.531,86
U1,regular,UX,Uxbridge Industrial Estate,Metroline,DD,,4.0,4.0,4.0,0.0,2.0,13.076,8.125,68
U2,regular,UX,Uxbridge Industrial Estate,Metroline,SD,,6.0,6.0,6.0,0.0,3.0,9.506,5.907,55
U3,regular,UX,Uxbridge Industrial Estate,Metroline,DD,,5.0,5.0,5.0,0.0,3.0,15.832,9.837,74
U4,regular,UX,Uxbridge Industrial Estate,Metroline,DD,,6.5,6.0,6.0,0.0,5.0,12.389,7.698,75
U5,regular,DH,Hayes,Transport UK,DD,,5.0,5.0,5.0,0.0,3.0,15.081,9.371,77
U7,regular,DH,Hayes,Transport UK,SD,,1.5,2.0,2.0,0.0,2.0,11.697,7.268,68
U9,regular,DH,Hayes,Transport UK,SD,,3.0,3.0,3.0,0.0,1.0,9.285,5.769,32
U10,regular,UX,Uxbridge Industrial Estate,Metroline,SD,,0.5,0.5,0.5,0.0,0.5,10.559,6.561,39
W3,regular,WN,Wood Green,Arriva,DD,,10.0,10.0,10.0,0.0,6.0,11.541,7.171,69
W4,regular,WN,Wood Green,Arriva,SD,,6.0,6.0,6.0,0.0,5.0,11.03,6.853,75
W5,regular,AW,Walthamstow Avenue,Stagecoach London,SD,,5.0,5.0,5.0,0.0,3.0,8.571,5.326,59
W6,regular,WN,Wood Green,Arriva,SD,,6.5,6.0,6.0,0.0,4.0,7.662,4.761,40
W7,regular,HT,Holloway,Metroline,DD,,12.0,12.0,12.0,0.0,8.0,4.875,3.029,39
W8,regular,PB,Potters Bar,Metroline,DD,,8.0,7.5,7.5,0.0,5.0,10.156,6.311,70
W9,regular,PB,Potters Bar,Metroline,SD,,4.0,4.0,4.0,0.0,2.0,12.538,7.791,38
W11,regular,AW,Walthamstow Avenue,Stagecoach London,SD,,5.0,5.0,5.0,0.0,4.0,7.965,4.949,43
W12,regular,AW,Walthamstow Avenue,Stagecoach London,SD,,4.0,4.5,4.0,0.0,3.5,17.068,10.606,98
W13,regular,HO,Lea Interchange,Stagecoach London,SD,W13S,4.0,4.0,4.0,0.0,3.0,10.83,6.73,64
W14,regular,HO,Lea Interchange,Stagecoach London,SD,,1.0,1.0,1.0,0.0,1.0,14.419,8.959,72
W15,regular,NP,Northumberland Park,Go-Ahead,SD,,6.0,6.5,6.0,0.0,5.0,14.747,9.164,94
W16,regular,AW,Walthamstow Avenue,Stagecoach London,SD,,4.5,5.0,4.5,0.0,4.5,10.043,6.241,74
W19,regular,AW,Walthamstow Avenue,Stagecoach London,SD,,3.0,5.0,5.0,0.0,3.0,14.714,9.143,91
SL1,regular,AD,Palmers Green,Arriva,DD,,5.0,5.0,5.0,0.0,4.0,14.699,9.133,26
SL2,regular,DX,Barking,Arriva,DD,,5.0,5.0,5.0,0.0,4.0,19.078,11.854,30
SL3,regular,TB,Bromley,Stagecoach London,DD,,5.0,5.0,5.0,0.0,4.0,22.989,14.285,29
SL4,regular,DS,Henley Road,Go-Ahead,DD,,7.5,7.5,7.5,0.0,4.0,14.136,8.784,51
SL5,regular,TC,Croydon,Arriva,DD,,5.0,5.0,5.0,0.0,4.0,12.513,7.775,22
SL6,regular,N,Norwood,Arriva,DD,,2.5,0.0,0.0,0.0,0.0,18.956,11.778,69
SL7,regular,C,Croydon,Go-Ahead,DD,,4.0,4.0,4.0,0.0,4.0,41.198,25.6,29
SL8,regular,G,Greenford,Metroline,DD,,6.0,6.5,6.0,0.0,5.0,21.468,13.339,46
SL9,regular,SO,Harrow,First,DD,,4.5,4.5,4.5,0.0,4.0,16.869,10.482,26
SL10,regular,SO,Harrow,First,DD,,5.0,5.0,5.0,0.0,4.0,14.708,9.139,25
SL11,regular,MG,Morden Wharf (Greenwich),Go-Ahead,DD,,10.0,10.0,10.0,0.0,5.0,14.787,9.188,29
N1,night,Q,Camberwell,Go-Ahead,DD,,0.0,0.0,0.0,2.0,2.0,27.36,17.0,175
N2,night,N,Norwood,Arriva,DD,,0.0,0.0,0.0,3.0,0.0,15.781,9.806,101
N3,night,WL,Walworth,Transport UK,DD,,0.0,0.0,0.0,3.0,0.0,25.504,15.847,172
N5,night,BT,Edgware,First,DD,,0.0,0.0,0.0,2.0,2.0,21.729,13.502,129
N7,night,PV,Perivale [East],Metroline,DD,,0.0,0.0,0.0,2.0,2.0,24.894,15.469,149
N8,night,BW,Bow,Stagecoach London,DD,,0.0,0.0,0.0,6.0,3.0,26.666,16.57,162
N9,night,AH,Brentford,Metroline,DD,,0.0,0.0,0.0,2.0,2.5,32.892,20.438,165
N11,night,SW,Stockwell,Go-Ahead,DD,,0.0,0.0,0.0,1.5,1.5,21.398,13.296,139
N15,night,DS; RR,Henley Road; River Road,Go-Ahead,DD,,0.0,0.0,0.0,7.5,6.0,29.733,18.475,183
N18,night,RP,Park Royal,First,DD,,0.0,0.0,0.0,4.0,0.5,23.842,14.815,137
N19,night,SF,Stamford Hill,Arriva,DD,,0.0,0.0,0.0,1.5,1.5,15.752,9.788,106
N20,night,HT,Holloway,Metroline,DD,,0.0,0.0,0.0,2.0,2.0,22.21,13.801,148
N21,night,NX,New Cross,Go-Ahead,DD,,0.0,0.0,0.0,3.0,2.0,26.749,16.621,171
N22,night,AF,Putney,Go-Ahead,DD,,0.0,0.0,0.0,1.5,1.5,21.39,13.291,129
N25,night,BW,Bow,Stagecoach London,DD,,0.0,0.0,0.0,4.5,5.5,17.971,11.167,117
N26,night,HK,Ash Grove,Stagecoach London,DD,,0.0,0.0,0.0,2.0,2.0,25.692,15.964,166
N27,night,QB,Battersea,Transport UK,DD,,0.0,0.0,0.0,2.0,2.0,11.62,7.22,73
N28,night,WJ,Willesden Junction,Metroline,DD,,0.0,0.0,0.0,1.5,1.5,17.55,10.905,118
N29,night,WN,Wood Green,Arriva,DD,,0.0,0.0,0.0,6.0,6.0,19.72,12.253,139
N31,night,X,Westbourne Park,First,DD,,0.0,0.0,0.0,1.5,1.5,16.995,10.56,118
N32,night,W,Cricklewood,Metroline,DD,,0.0,0.0,0.0,2.0,2.0,16.814,10.448,113
N33,night,FW,Fulwell,First,SD,,0.0,0.0,0.0,1.5,1.5,16.773,10.423,100
N38,night,CT,Clapton,Arriva,DD,,0.0,0.0,0.0,4.0,3.0,17.265,10.728,114
N41,night,AR,Tottenham,Arriva,DD,,0.0,0.0,0.0,1.5,1.5,16.487,10.245,113
N44,night,SW,Stockwell,Go-Ahead,DD,,0.0,0.0,0.0,1.5,1.5,23.387,14.532,154
N53,night,PD,Plumstead,Stagecoach London,DD,,0.0,0.0,0.0,4.0,2.0,19.517,12.127,111
N55,night,T,Leyton,Stagecoach London,DD,,0.0,0.0,0.0,2.0,2.0,22.719,14.117,150
N63,night,WL,Walworth,Transport UK,DD,,0.0,0.0,0.0,3.0,2.5,16.142,10.03,108
N65,night,FW,Fulwell,First,DD,,0.0,0.0,0.0,1.5,1.5,24.509,15.229,150
N68,night,WL,Walworth,Transport UK,DD,,0.0,0.0,0.0,2.0,2.0,30.547,18.981,194
N72,night,S,Shepherd's Bush,First,SD,,0.0,0.0,0.0,2.0,2.0,15.612,9.701,92
N73,night,CT,Clapton,Arriva,DD,,0.0,0.0,0.0,4.0,0.0,17.327,10.767,115
N74,night,AF,Putney,Go-Ahead,DD,,0.0,0.0,0.0,1.5,2.0,16.785,10.429,102
N83,night,PV,Perivale [East],Metroline,DD,,0.0,0.0,0.0,2.0,2.0,20.177,12.537,118
N86,night,NS,Romford,Stagecoach London,DD,,0.0,0.0,0.0,2.0,2.0,23.431,14.559,141
N87,night,SW,Stockwell,Go-Ahead,DD,,0.0,0.0,0.0,4.0,4.0,25.369,15.764,155
N89,night,NX,New Cross,Go-Ahead,DD,,0.0,0.0,0.0,2.0,0.0,34.126,21.205,208
N91,night,NP,Northumberland Park,Go-Ahead,DD,,0.0,0.0,0.0,2.0,2.0,23.622,14.678,143
N97,night,AF,Putney,Go-Ahead,DD,,0.0,0.0,0.0,2.0,2.0,9.924,6.167,63
N98,night,HD,Harrow Weald,Metroline,DD,,0.0,0.0,0.0,4.0,4.0,22.192,13.79,129
N109,night,BC,Beddington,Transport UK,DD,,0.0,0.0,0.0,2.5,2.5,18.455,11.467,119
N113,night,EW,Edgware,Metroline,DD,,0.0,0.0,0.0,2.0,2.0,20.007,12.432,118
N118,night,RP,Park Royal,First,DD,,0.0,0.0,0.0,4.0,2.0,26.874,16.698,151
N133,night,QB,Battersea,Transport UK,DD,,0.0,0.0,0.0,1.5,1.5,20.379,12.663,130
N136,night,NX,New Cross,Go-Ahead,DD,,0.0,0.0,0.0,2.0,2.0,27.623,17.164,183
N137,night,BN,Brixton Hill,Arriva,DD,,0.0,0.0,0.0,3.0,0.0,17.881,11.111,114
N140,night,HD,Harrow Weald,Metroline,DD,,0.0,0.0,0.0,2.0,0.5,21.189,13.166,111
N155,night,SW,Stockwell,Go-Ahead,DD,,0.0,0.0,0.0,3.0,3.0,16.815,10.448,109
N171,night,NX,New Cross,Go-Ahead,DD,,0.0,0.0,0.0,1.5,2.0,18.863,11.721,121
N199,night,TL,Catford,Stagecoach London,DD,,0.0,0.0,0.0,2.0,2.0,34.752,21.594,222
N205,night,BW,Bow,Stagecoach London,DD,,0.0,0.0,0.0,2.0,2.0,18.056,11.219,111
N207,night,GW,Southall,Transport UK,DD,,0.0,0.0,0.0,4.5,3.0,27.94,17.361,181
N242,night,HK,Ash Grove,Stagecoach London,DD,,0.0,0.0,0.0,2.0,2.0,12.484,7.757,88
N250,night,TH,Thornton Heath,Arriva,DD,,0.0,0.0,0.0,2.0,2.0,13.309,8.27,91
N253,night,CT,Clapton,Arriva,DD,,0.0,0.0,0.0,2.5,2.0,18.602,11.559,130
N263,night,PB,Potters Bar,Metroline,DD,,0.0,0.0,0.0,2.0,0.0,13.191,8.196,95
N266,night,W,Cricklewood,Metroline,DD,,0.0,0.0,0.0,2.0,2.0,17.345,10.778,118
N277,night,HK,Ash Grove,Stagecoach London,DD,,0.0,0.0,0.0,2.0,2.0,15.922,9.894,115
N279,night,E,Enfield,Arriva,DD,,0.0,0.0,0.0,3.0,3.0,23.311,14.485,152
N343,night,NX,New Cross,Go-Ahead,DD,,0.0,0.0,0.0,2.0,2.0,15.098,9.382,101
N381,night,WL,Walworth,Transport UK,DD,,0.0,0.0,0.0,2.0,2.0,15.73,9.774,111
N472,night,MG,Morden Wharf (Greenwich),Go-Ahead,DD,,0.0,0.0,0.0,2.0,2.0,15.028,9.338,75
N550,night,HK,Ash Grove,Stagecoach London,DD,,0.0,0.0,0.0,2.0,2.0,17.698,10.997,116
N551,night,BK,Barking,Stagecoach London,DD,,0.0,0.0,0.0,2.0,0.5,20.233,12.572,124
