route,route_type,garage_code,garage_name,operator,vehicle,additional_journeys,frequency_peak_am,frequency_peak_pm,frequency_offpeak,frequency_overnight,frequency_weekend,length_km,length_miles
1,regular,Q,Camberwell,Go-Ahead,DD,,6.5,6.5,6.5,0.0,5.0,14.546,9.039
2,regular,N,Norwood,Arriva,DD,,7.0,7.0,7.0,0.0,6.0,13.197,8.2
3,regular,WL,Walworth,Transport UK,DD,,6.5,6.0,6.0,0.0,5.0,13.041,8.103
4,regular,HT,Holloway,Metroline,DD,,6.0,6.0,6.0,0.0,5.0,11.533,7.166
5,regular,DS; RR,Henley Road; River Road,Go-Ahead,DD,,9.0,8.5,9.0,0.0,7.5,17.44,10.837
6,twentyfour,AC,Willesden,Metroline,DD,,6.5,7.0,7.0,2.0,5.5,11.186,6.951
7,regular,PV,Perivale [East],Metroline,DD,,5.0,5.0,4.5,0.0,4.5,10.189,6.331
8,regular,BW,Bow,Stagecoach London,DD,,8.0,8.0,8.0,0.0,6.0,10.309,6.406
9,regular,AH,Brentford,Metroline,DD,,5.5,6.0,6.0,0.0,5.0,8.617,5.354
11,regular,SW,Stockwell,Go-Ahead,DD,,5.5,5.0,5.0,0.0,5.0,7.564,4.7
12,twentyfour,Q,Camberwell,Go-Ahead,DD,,5.0,5.0,5.0,3.5,5.0,11.767,7.311
13,twentyfour,X,Westbourne Park,First,DD,,7.0,6.5,7.0,2.0,6.0,15.869,9.861
14,twentyfour,AF; RA,Putney; Waterloo,Go-Ahead,DD,,7.5,7.5,7.5,4.5,6.0,11.891,7.389
15,regular,DS,Henley Road,Go-Ahead,DD,,5.0,5.0,5.0,0.0,5.5,9.714,6.036
16,regular,W,Cricklewood,Metroline,DD,,6.0,6.0,6.0,0.0,5.0,12.355,7.677
17,regular,HT,Holloway,Metroline,DD,,6.0,6.0,6.0,0.0,5.0,9.507,5.908
18,regular,RP,Park Royal,First,DD,,11.0,11.0,12.0,0.0,8.5,14.574,9.056
19,regular,SF,Stamford Hill,Arriva,DD,,6.0,6.0,6.0,0.0,6.0,13.307,8.268
20,regular,T,Leyton,Stagecoach London,DD,,4.0,4.0,4.0,0.0,2.0,16.582,10.303
21,regular,NX,New Cross,Go-Ahead,DD,,7.0,7.0,7.0,0.0,5.0,15.83,9.836
22,regular,AF,Putney,Go-Ahead,DD,,6.5,6.0,6.0,0.0,5.0,10.094,6.272
23,twentyfour,X,Westbourne Park,First,DD,,4.5,5.0,5.0,3.0,5.0,11.713,7.278
24,twentyfour,QB,Battersea,Transport UK,DD,,5.5,5.0,5.0,2.5,5.0,10.911,6.78
25,regular,BW,Bow,Stagecoach London,DD,,6.5,7.5,6.5,0.0,5.5,15.202,9.446
26,regular,HK,Ash Grove,Stagecoach London,DD,,6.0,6.0,6.0,0.0,5.0,11.831,7.352
27,regular,QB,Battersea,Transport UK,DD,,5.0,5.5,5.5,0.0,5.0,12.719,7.903
28,regular,WJ,Willesden Junction,Metroline,DD,,6.5,6.0,6.0,0.0,5.5,12.355,7.677
29,regular,WN,Wood Green,Arriva,DD,,10.0,10.0,10.0,0.0,8.0,11.664,7.248
30,regular,KC,King's Cross,Metroline,DD,,6.0,6.0,6.0,0.0,5.0,9.494,5.899
31,regular,X,Westbourne Park,First,DD,,5.5,5.5,5.5,0.0,6.0,11.31,7.028
32,regular,W,Cricklewood,Metroline,DD,,8.0,7.5,7.5,0.0,5.0,10.934,6.794
33,regular,FW,Fulwell,First,SD,,7.0,7.0,6.5,0.0,5.0,13.444,8.353
34,regular,AD,Palmers Green,Arriva,DD,,6.0,6.0,6.5,0.0,5.0,18.207,11.313
35,twentyfour,Q,Camberwell,Go-Ahead,DD,,7.0,6.5,6.5,2.5,5.0,13.947,8.666
36,twentyfour,NX,New Cross,Go-Ahead,DD,,8.0,7.5,7.5,3.0,5.0,16.592,10.31
37,twentyfour,PM,Peckham,Go-Ahead,DD,,5.5,5.5,5.5,2.5,5.5,15.475,9.616
38,regular,CT,Clapton,Arriva,DD,,12.0,12.0,12.0,0.0,10.0,12.361,7.681
39,regular,AF,Putney,Go-Ahead,SD,,6.5,6.5,6.5,0.0,5.0,9.953,6.185
40,regular,Q,Camberwell,Go-Ahead,DD,,7.0,7.0,6.0,0.0,4.0,9.464,5.881
41,regular,AR,Tottenham,Arriva,DD,,11.0,10.0,10.0,0.0,7.5,8.065,5.011
42,regular,Q,Camberwell,Go-Ahead,DD,,4.0,4.0,4.0,0.0,4.0,12.009,7.462
43,twentyfour,HT,Holloway,Metroline,DD,,8.0,7.5,7.5,2.5,6.0,15.713,9.764
44,regular,SW,Stockwell,Go-Ahead,DD,,5.5,6.0,6.0,0.0,4.0,11.868,7.375
45,regular,WL,Walworth,Transport UK,DD,,4.5,4.5,4.5,0.0,4.0,15.767,9.797
46,regular,HT,Holloway,Metroline,SD,,5.0,5.0,5.0,0.0,4.0,14.167,8.803
47,twentyfour,TL,Catford,Stagecoach London,DD,,5.0,5.0,5.0,2.5,3.0,15.33,9.526
49,regular,S,Shepherd's Bush,First,DD,,5.5,5.5,5.5,0.0,5.5,10.486,6.515
50,regular,BN,Brixton Hill,Arriva,DD,,4.0,4.5,4.5,0.0,4.0,14.486,9.001
51,regular,MG,Morden Wharf (Greenwich),Go-Ahead,DD,,5.0,5.0,5.0,0.0,4.0,19.425,12.07
52,twentyfour,AC,Willesden,Metroline,DD,,6.0,5.5,5.5,2.0,5.5,11.443,7.11
53,regular,PD,Plumstead,Stagecoach London,DD,,8.0,7.5,7.5,0.0,7.5,18.146,11.276
54,regular,TL,Catford,Stagecoach London,DD,,5.5,6.0,6.0,0.0,4.0,16.922,10.515
55,regular,T,Leyton,Stagecoach London,DD,,6.5,6.5,6.5,0.0,5.5,14.561,9.048
56,regular,T,Leyton,Stagecoach London,DD,,6.5,5.5,6.0,0.0,6.0,12.84,7.978
57,twentyfour,AL,Merton,Go-Ahead,DD,,5.0,4.5,5.0,2.5,4.5,18.34,11.396
58,regular,HO,Lea Interchange,Stagecoach London,DD,,5.0,5.0,5.0,0.0,4.5,12.406,7.708
59,regular,BN,Brixton Hill,Arriva,DD,,7.5,8.0,8.0,0.0,5.0,10.896,6.77
60,regular,TC,Croydon,Arriva,DD,60S,6.5,6.5,6.0,0.0,5.0,19.159,11.905
61,regular,TB,Bromley,Stagecoach London,DD,,4.0,4.0,4.0,0.0,3.0,16.774,10.423
62,regular,BK,Barking,Stagecoach London,DD,,5.0,5.0,5.0,0.0,4.0,14.599,9.071
63,regular,WL,Walworth,Transport UK,DD,,9.0,8.0,8.0,0.0,6.0,11.98,7.444
64,twentyfour,TH,Thornton Heath,Arriva,DD,,6.0,6.5,6.0,2.5,4.0,18.944,11.771
65,regular,FW,Fulwell,First,DD,,8.0,8.5,8.5,0.0,5.0,15.178,9.431
66,regular,GY,Grays,Arriva,DD,,6.0,5.5,6.0,0.0,4.0,15.42,9.582
67,regular,SF,Stamford Hill,Arriva,DD,,5.0,5.0,5.0,0.0,5.0,7.869,4.89
68,regular,WL,Walworth,Transport UK,DD,,6.0,6.5,5.5,0.0,5.0,12.685,7.882
69,twentyfour,DS,Henley Road,Go-Ahead,DD,,7.5,7.5,7.5,2.5,5.0,10.828,6.728
70,regular,S,Shepherd's Bush,First,DD,,4.5,5.5,5.0,0.0,4.5,15.011,9.327
71,regular,FW,Fulwell,First,DD,,7.5,7.5,7.5,0.0,5.0,10.233,6.358
72,regular,S,Shepherd's Bush,First,SD,,5.0,5.5,5.0,0.0,5.0,7.893,4.904
73,regular,CT,Clapton,Arriva,DD,,9.0,9.0,9.0,0.0,8.0,9.428,5.858
74,regular,AF,Putney,Go-Ahead,DD,,5.5,5.0,5.0,0.0,5.0,12.036,7.479
75,regular,TL,Catford,Stagecoach London,DD,,4.5,4.5,4.5,0.0,4.5,14.557,9.046
76,twentyfour,SF,Stamford Hill,Arriva,DD,,6.5,6.0,6.0,2.0,5.0,14.357,8.921
77,regular,SW,Stockwell,Go-Ahead,DD,,6.0,6.0,6.0,0.0,5.0,13.485,8.379
78,regular,PM,Peckham,Go-Ahead,DD,,6.0,6.0,6.0,0.0,5.0,10.852,6.743
79,regular,BT,Edgware,First,DD,,5.0,5.0,5.0,0.0,4.0,13.282,8.253
80,regular,A; GM,Ellis Road; Sutton,Go-Ahead,DD,,6.5,7.0,7.0,0.0,4.0,14.238,8.847
81,regular,SG,Lampton,Metroline,DD,,5.0,5.5,5.0,0.0,4.0,18.707,11.624
83,regular,AO; PV,Athlon Road; Perivale [East],Metroline,DD,,7.5,7.5,7.5,0.0,6.0,13.145,8.168
85,twentyfour,TV,Tolworth,First,DD,,6.0,6.0,6.0,2.5,6.0,11.61,7.214
86,regular,HO; NS,Lea Interchange; Romford,Stagecoach London,DD,,10.0,10.0,10.0,0.0,7.0,15.672,9.738
87,regular,SW,Stockwell,Go-Ahead,DD,,7.5,8.0,8.0,0.0,5.0,10.437,6.485
88,twentyfour,SW,Stockwell,Go-Ahead,DD,,6.5,6.0,6.0,2.0,5.0,14.376,8.933
89,regular,BX,Bexleyheath,Go-Ahead,DD,,5.0,5.5,5.0,0.0,3.0,18.08,11.234
90,regular,PV,Perivale [East],Metroline,DD,,5.5,5.5,5.5,0.0,4.0,18.483,11.485
91,regular,NP,Northumberland Park,Go-Ahead,DD,,5.5,5.5,5.5,0.0,5.5,10.516,6.534
92,regular,G,Greenford,Metroline,DD,,5.0,5.5,5.0,0.0,4.5,15.651,9.725
93,twentyfour,A,Sutton,Go-Ahead,DD,,9.0,8.0,8.0,2.5,5.5,14.724,9.149
94,twentyfour,S,Shepherd's Bush,First,DD,,6.5,7.0,7.0,2.5,5.5,10.359,6.437
95,regular,G,Greenford,Metroline,DD,,5.0,5.0,5.0,0.0,2.5,15.903,9.882
96,regular,DT,Dartford,Arriva,DD,,8.0,7.5,7.5,0.0,5.0,19.773,12.286
97,regular,HO,Lea Interchange,Stagecoach London,DD,,7.5,7.0,7.5,0.0,5.0,13.35,8.295
98,regular,AC,Willesden,Metroline,DD,,7.5,7.0,7.0,0.0,5.5,10.551,6.556
99,regular,BX,Bexleyheath,Go-Ahead,DD,,5.0,4.5,4.5,0.0,4.5,17.677,10.984
100,regular,Q,Camberwell,Go-Ahead,SD,,5.0,5.0,5.0,0.0,4.0,6.413,3.985
101,regular,RR,River Road,Go-Ahead,DD,,5.0,5.0,5.0,0.0,4.0,8.454,5.253
102,twentyfour,AD,Palmers Green,Arriva,DD,,8.0,7.5,7.5,2.0,5.0,19.766,12.282
103,regular,GY,Grays,Arriva,DD,,5.5,5.5,5.5,0.0,4.0,14.474,8.994
104,regular,RR,River Road,Go-Ahead,DD,,7.5,7.5,7.5,0.0,5.0,6.854,4.259
105,twentyfour,WK,Hounslow Heath,First,DD,,5.0,5.0,5.0,2.5,5.0,16.529,10.271
106,regular,NP,Northumberland Park,Go-Ahead,DD,,6.0,5.0,5.0,0.0,5.0,10.195,6.335
107,regular,PB,Potters Bar,Metroline,DD,,4.0,4.0,4.0,0.0,4.0,18.514,11.504
108,twentyfour,NX; Q,Camberwell; New Cross,Go-Ahead,SD,108D,5.0,5.5,5.5,2.5,4.0,17.423,10.826
109,regular,BC,Beddington,Transport UK,DD,,8.5,7.5,8.0,0.0,4.5,11.257,6.995
110,regular,AV,Hounslow,First,SD,110R,3.0,3.0,3.0,0.0,3.0,18.823,11.696
111,twentyfour,TF,Fulwell (Twickenham),Transport UK,DD,,6.0,6.0,6.0,2.0,5.0,25.017,15.545
112,regular,W,Cricklewood,Metroline,SD,,6.0,6.0,6.0,0.0,5.0,17.432,10.832
113,regular,EW,Edgware,Metroline,DD,,7.0,6.5,6.5,0.0,5.0,17.891,11.117
114,regular,UX,Uxbridge Industrial Estate,Metroline,DD,,6.5,5.5,6.0,0.0,5.0,19.245,11.958
115,regular,DS,Henley Road,Go-Ahead,DD,,8.0,7.5,7.5,0.0,6.0,10.968,6.815
116,regular,WK,Hounslow Heath,First,DD,,5.0,5.0,5.0,0.0,3.0,9.237,5.74
117,regular,AV,Hounslow,First,SD,,3.0,3.0,3.0,0.0,2.0,17.158,10.662
119,twentyfour,C,Croydon,Go-Ahead,DD,,5.0,4.5,5.0,2.0,4.5,17.703,11.0
120,regular,SG,Lampton,Metroline,DD,,6.0,6.5,6.0,0.0,5.5,13.207,8.207
121,regular,E,Enfield,Arriva,DD,,6.5,5.5,6.0,0.0,6.0,19.111,11.875
122,regular,PD,Plumstead,Stagecoach London,DD,,5.0,5.5,5.0,0.0,4.5,18.314,11.38
123,twentyfour,AR,Tottenham,Arriva,DD,,6.0,6.0,6.0,2.5,4.0,18.506,11.499
124,regular,TL,Catford,Stagecoach London,SD,,6.5,6.5,6.0,0.0,4.0,13.582,8.439
125,regular,BT,Edgware,First,DD,,6.0,6.0,6.0,0.0,4.0,16.919,10.513
126,regular,SM,Sydenham,Go-Ahead,SD,,6.0,6.5,6.0,0.0,3.0,10.63,6.605
127,regular,C,Croydon,Go-Ahead,DD,,5.0,5.5,5.5,0.0,4.0,15.564,9.671
128,twentyfour,NS,Romford,Stagecoach London,DD,,5.0,5.0,5.0,2.0,3.0,18.717,11.63
129,regular,DS,Henley Road,Go-Ahead,DD,,8.0,7.5,7.5,0.0,5.0,19.959,12.402
130,regular,BC,Beddington,Transport UK,SD,,5.0,5.0,5.0,0.0,3.0,16.04,9.967
131,regular,AL,Merton,Go-Ahead,DD,,7.5,7.0,7.0,0.0,5.0,12.744,7.919
132,regular,BX,Bexleyheath,Go-Ahead,DD,,6.5,6.5,6.0,0.0,4.0,17.427,10.829
133,regular,QB,Battersea,Transport UK,DD,,6.5,6.5,6.5,0.0,4.0,13.243,8.229
134,twentyfour,PB,Potters Bar,Metroline,DD,,7.5,7.5,7.5,2.0,6.5,12.743,7.918
135,regular,HO,Lea Interchange,Stagecoach London,DD,,6.0,5.5,6.0,0.0,4.0,13.391,8.321
136,regular,TL,Catford,Stagecoach London,DD,,6.0,6.5,6.0,0.0,4.0,16.93,10.52
137,regular,BN,Brixton Hill,Arriva,DD,,10.0,9.0,9.0,0.0,7.5,10.773,6.694
138,regular,TL,Catford,Stagecoach London,SD,,2.0,2.0,2.0,0.0,2.0,7.805,4.85
139,twentyfour,W,Cricklewood,Metroline,DD,,8.0,7.5,7.5,2.5,5.0,12.504,7.77
140,regular,HD,Harrow Weald,Metroline,DD,,7.0,6.5,6.5,0.0,4.5,15.603,9.695
141,regular,AD; WN,Palmers Green; Wood Green,Arriva,DD,,10.0,9.0,9.0,0.0,6.0,13.07,8.122
142,regular,EW,Edgware,Metroline,DD,,5.0,5.0,5.0,0.0,4.0,20.213,12.56
143,regular,W,Cricklewood,Metroline,SD,,5.0,5.0,5.0,0.0,4.0,12.745,7.92
144,regular,NP,Northumberland Park,Go-Ahead,DD,,6.5,6.0,6.0,0.0,6.0,10.785,6.701
145,regular,BK,Barking,Stagecoach London,DD,,5.0,5.0,5.0,0.0,4.5,19.611,12.185
146,regular,TB,Bromley,Stagecoach London,SD,,1.0,1.0,1.0,0.0,1.0,10.067,6.255
147,regular,RR,River Road,Go-Ahead,DD,,7.5,7.5,7.5,0.0,5.5,10.884,6.763
148,twentyfour,S,Shepherd's Bush,First,DD,,4.5,5.0,5.0,3.0,5.0,14.262,8.862
149,twentyfour,AR,Tottenham,Arriva,DD,,8.5,8.5,7.5,2.5,6.0,14.184,8.814
150,regular,DX,Barking,Arriva,DD,,5.5,5.0,5.0,0.0,3.0,15.203,9.447
151,regular,A,Sutton,Go-Ahead,DD,,5.5,5.5,5.5,0.0,3.0,15.077,9.369
152,regular,AL,Merton,Go-Ahead,SD,,5.0,5.0,5.0,0.0,3.0,12.9,8.015
153,regular,HT,Holloway,Metroline,SD,,4.5,4.0,4.0,0.0,4.0,8.76,5.443
154,regular,A,Sutton,Go-Ahead,DD,,5.5,5.0,5.5,0.0,5.5,17.025,10.579
155,regular,SW,Stockwell,Go-Ahead,DD,,7.5,7.0,7.0,0.0,5.0,10.561,6.563
156,regular,QB,Battersea,Transport UK,DD,,5.5,5.5,5.5,0.0,5.0,12.27,7.624
157,regular,AL,Merton,Go-Ahead,DD,,11.0,10.0,9.0,0.0,4.0,18.982,11.795
158,twentyfour,EC,Edmonton,Arriva,DD,,10.0,10.0,10.0,3.0,6.0,11.734,7.291
159,twentyfour,QB,Battersea,Transport UK,DD,,7.0,6.5,6.5,3.0,5.0,11.823,7.346
160,regular,TL,Catford,Stagecoach London,DD,,4.0,4.0,4.0,0.0,3.0,17.715,11.008
161,regular,PD,Plumstead,Stagecoach London,DD,,5.0,5.5,5.0,0.0,5.0,17.557,10.91
162,regular,SM,Sydenham,Go-Ahead,SD,,4.5,4.0,4.0,0.0,3.0,20.16,12.527
163,regular,AL,Merton,Go-Ahead,SD,163S,6.5,6.0,6.5,0.0,5.0,8.235,5.117
164,regular,AL,Merton,Go-Ahead,SD,,6.0,6.0,6.0,0.0,4.0,10.753,6.681
165,regular,RM,Rainham,Stagecoach London,SD,,5.0,5.0,5.0,0.0,3.0,17.445,10.84
166,regular,TC,Croydon,Arriva,SD,,3.0,3.0,3.0,0.0,2.5,25.822,16.045
167,regular,BK,Barking,Stagecoach London,SD,,3.0,3.0,3.0,0.0,2.0,13.862,8.613
169,regular,BK,Barking,Stagecoach London,DD,,5.5,5.5,6.0,0.0,4.0,10.231,6.357
170,regular,SW,Stockwell,Go-Ahead,SD,,6.0,6.0,6.0,0.0,5.0,13.494,8.385
171,regular,NX,New Cross,Go-Ahead,DD,,5.0,4.5,4.5,0.0,4.5,14.292,8.881
172,regular,NX,New Cross,Go-Ahead,DD,,6.5,6.0,6.0,0.0,4.0,11.319,7.034
173,regular,BK,Barking,Stagecoach London,DD,,5.5,5.0,5.5,0.0,4.0,15.562,9.67
174,regular,RM,Rainham,Stagecoach London,DD,,6.5,7.5,6.5,0.0,4.5,17.724,11.013
175,regular,DX,Barking,Arriva,DD,,6.0,6.5,6.0,0.0,4.0,13.77,8.556
176,twentyfour,Q,Camberwell,Go-Ahead,DD,,6.0,6.0,6.0,3.0,6.0,15.883,9.869
177,regular,PD,Plumstead,Stagecoach London,DD,,5.0,5.0,5.0,0.0,5.0,18.996,11.803
178,regular,MG,Morden Wharf (Greenwich),Go-Ahead,DD,,3.0,3.0,3.0,0.0,3.0,11.069,6.878
179,regular,BK,Barking,Stagecoach London,DD,,5.0,5.0,5.0,0.0,3.0,13.685,8.504
180,regular,PD,Plumstead,Stagecoach London,DD,,6.0,6.0,6.0,0.0,4.0,19.002,11.807
181,regular,KB,Kangley Bridge Road,Stagecoach London,SD,,5.0,5.0,5.0,0.0,4.0,13.002,8.079
182,regular,HD,Harrow Weald,Metroline,DD,,7.0,6.5,6.5,0.0,5.5,19.741,12.267
183,regular,SO,Harrow,First,DD,,6.0,6.0,6.5,0.0,5.0,17.394,10.808
184,regular,NP,Northumberland Park,Go-Ahead,SD,184S,5.5,5.0,5.5,0.0,5.0,16.152,10.037
185,regular,Q,Camberwell,Go-Ahead,DD,,6.0,6.5,6.5,0.0,4.5,15.699,9.755
186,regular,HD,Harrow Weald,Metroline,DD,,4.5,5.0,5.0,0.0,4.5,20.559,12.775
187,regular,WJ,Willesden Junction,Metroline,SD,,4.0,4.0,4.0,0.0,3.0,12.81,7.96
188,twentyfour,Q,Camberwell,Go-Ahead,DD,,5.5,5.5,5.5,3.5,5.0,16.132,10.024
189,twentyfour,W,Cricklewood,Metroline,DD,,6.5,6.5,6.0,2.0,5.0,11.984,7.447
190,regular,AH,Brentford,Metroline,SD,,4.0,4.0,4.0,0.0,3.0,10.775,6.695
191,regular,E,Enfield,Arriva,DD,,6.5,6.0,6.5,0.0,4.0,15.825,9.833
192,regular,E,Enfield,Arriva,SD,,6.0,6.5,6.0,0.0,5.0,13.136,8.162
193,regular,NS,Romford,Stagecoach London,SD,,5.5,6.0,6.0,0.0,3.0,12.797,7.952
194,regular,TC,Croydon,Arriva,DD,,5.0,5.0,5.0,0.0,3.0,18.485,11.486
195,regular,GW,Southall,Transport UK,SD,,4.5,4.5,4.5,0.0,4.0,16.589,10.308
196,regular,N,Norwood,Arriva,DD,,5.0,5.0,5.0,0.0,3.0,15.292,9.502
197,regular,PM,Peckham,Go-Ahead,DD,,5.0,5.0,5.0,0.0,3.0,16.108,10.009
198,regular,N,Norwood,Arriva,DD,,5.0,5.0,5.0,0.0,3.0,11.193,6.955
199,regular,TL,Catford,Stagecoach London,DD,,5.0,5.0,5.0,0.0,4.0,10.757,6.684
200,regular,AL,Merton,Go-Ahead,DD,,6.5,7.0,6.5,0.0,5.0,12.013,7.465
201,regular,BC,Beddington,Transport UK,SD,,3.5,3.5,3.5,0.0,3.0,12.92,8.028
202,regular,N,Norwood,Arriva,DD,,6.5,6.0,6.0,0.0,4.0,13.473,8.371
203,regular,AV,Hounslow,First,DD,,3.0,3.0,3.0,0.0,2.0,15.724,9.77
204,regular,EW,Edgware,Metroline,DD,,6.0,5.5,6.0,0.0,4.0,14.286,8.877
205,regular,BW,Bow,Stagecoach London,DD,,5.5,5.5,5.5,0.0,5.0,12.959,8.052
206,regular,WJ,Willesden Junction,Metroline,SD,,5.0,4.5,5.0,0.0,3.0,14.544,9.037
207,regular,GW,Southall,Transport UK,DD,,10.0,10.0,10.0,0.0,7.5,14.287,8.877
208,regular,MB,Orpington,Go-Ahead,DD,,5.0,5.0,5.0,0.0,4.0,18.599,11.557
209,regular,SW,Stockwell,Go-Ahead,SD,,2.0,2.0,2.0,0.0,2.0,3.064,1.904
210,regular,W,Cricklewood,Metroline,DD,,6.0,6.0,6.0,0.0,5.0,12.141,7.544
211,regular,QB,Battersea,Transport UK,DD,,6.5,5.5,5.5,0.0,4.0,9.468,5.883
212,regular,NP,Northumberland Park,Go-Ahead,DD,,6.5,7.5,7.0,0.0,4.0,9.273,5.762
213,twentyfour,A,Sutton,Go-Ahead,DD,,5.0,5.0,5.0,2.5,4.5,14.66,9.109
214,twentyfour,RA,Waterloo,Go-Ahead,SD,,8.0,8.0,8.0,2.0,5.0,9.493,5.899
215,regular,T,Leyton,Stagecoach London,DD,,3.0,3.0,3.0,0.0,2.0,8.858,5.504
216,regular,FW,Fulwell,First,SD,,3.0,3.0,3.0,0.0,2.0,20.971,13.031
217,regular,E,Enfield,Arriva,DD,,5.0,5.0,5.0,0.0,3.5,14.075,8.746
218,regular,X,Westbourne Park,First,SD,,5.0,5.0,5.0,0.0,5.0,9.017,5.603
219,regular,AL,Merton,Go-Ahead,SD,,5.0,5.0,5.0,0.0,4.0,9.934,6.172
220,twentyfour,V,Stamford Brook,First,DD,,7.0,7.5,7.5,2.5,6.0,12.343,7.67
221,regular,WN,Wood Green,Arriva,DD,,7.5,7.5,7.5,0.0,5.0,17.13,10.644
222,twentyfour,UX,Uxbridge Industrial Estate,Metroline,DD,,6.0,6.0,6.0,3.0,5.0,17.066,10.604
223,regular,WJ,Willesden Junction,Metroline,SD,,3.0,3.0,3.0,0.0,2.0,13.844,8.602
224,regular,AO,Athlon Road,Metroline,SD,,3.0,3.0,3.0,0.0,2.5,12.455,7.739
225,regular,TL,Catford,Stagecoach London,SD,,3.0,3.0,3.0,0.0,3.0,8.928,5.547
226,regular,BT,Edgware,First,SD,,5.5,5.0,5.0,0.0,3.0,15.989,9.935
227,regular,SM,Sydenham,Go-Ahead,SD,,7.0,6.5,6.5,0.0,4.5,8.886,5.521
228,regular,WJ,Willesden Junction,Metroline,SD,,2.0,2.0,2.0,0.0,2.0,14.885,9.249
229,regular,DT,Dartford,Arriva,DD,,5.0,5.0,5.0,0.0,4.0,21.546,13.388
230,regular,NP,Northumberland Park,Go-Ahead,DD,,4.0,4.0,4.0,0.0,4.0,11.92,7.407
231,regular,PB,Potters Bar,Metroline,DD,,4.0,4.0,4.0,0.0,3.0,10.243,6.365
232,regular,NP,Northumberland Park,Go-Ahead,SD,,5.0,5.0,5.0,0.0,3.0,21.565,13.4
233,regular,MB,Orpington,Go-Ahead,SD,,3.5,3.0,3.0,0.0,2.0,14.681,9.122
234,regular,HT,Holloway,Metroline,SD,,5.0,5.0,5.0,0.0,3.0,14.92,9.271
235,regular,WK,Hounslow Heath,First,SD,,7.5,7.0,7.5,0.0,5.0,15.84,9.843
236,regular,HO,Lea Interchange,Stagecoach London,SD,,6.0,6.0,6.0,0.0,5.0,11.157,6.933
237,regular,AH,Brentford,Metroline,DD,,6.5,6.5,6.5,0.0,4.5,14.895,9.255
238,twentyfour,BK,Barking,Stagecoach London,DD,,6.0,6.0,6.0,2.5,4.0,7.634,4.744
240,regular,EW,Edgware,Metroline,DD,,4.5,4.0,4.0,0.0,3.0,12.359,7.679
241,regular,WH,West Ham,Stagecoach London,DD,,5.5,6.0,5.0,0.0,5.0,12.06,7.494
242,regular,HK,Ash Grove,Stagecoach London,DD,,5.0,5.0,5.0,0.0,4.5,9.231,5.736
243,twentyfour,AR,Tottenham,Arriva,DD,,7.0,7.5,7.5,2.5,7.5,15.892,9.875
244,regular,MG,Morden Wharf (Greenwich),Go-Ahead,SD,,5.5,5.0,5.5,0.0,4.0,15.489,9.624
245,regular,AO; PV,Athlon Road; Perivale [East],Metroline,DD,,6.0,6.5,6.0,0.0,5.0,15.215,9.454
246,regular,TB,Bromley,Stagecoach London,SD,,2.0,2.0,2.0,0.0,1.0,21.725,13.499
247,regular,NS,Romford,Stagecoach London,DD,,5.5,5.5,6.0,0.0,3.0,13.254,8.236
248,regular,GY,Grays,Arriva,DD,,7.5,7.5,7.5,0.0,4.0,11.13,6.916
249,regular,N,Norwood,Arriva,DD,,6.0,6.0,6.0,0.0,5.0,13.083,8.129
250,regular,TH,Thornton Heath,Arriva,DD,,8.5,8.5,8.0,0.0,5.0,11.963,7.434
251,regular,EW,Edgware,Metroline,SD,,5.5,5.0,5.0,0.0,3.0,14.787,9.188
252,regular,RM,Rainham,Stagecoach London,DD,,6.0,6.0,6.0,0.0,4.0,13.606,8.455
253,regular,CT,Clapton,Arriva,DD,,8.0,7.0,7.5,0.0,7.5,12.084,7.509
254,regular,SF,Stamford Hill,Arriva,DD,,8.0,7.0,7.5,0.0,7.5,12.898,8.015
255,regular,TH,Thornton Heath,Arriva,SD,,4.5,4.5,4.5,0.0,4.0,9.34,5.804
256,regular,NS; RM,Rainham; Romford,Stagecoach London,DD,,5.0,5.0,5.0,0.0,2.5,11.139,6.921
257,regular,T,Leyton,Stagecoach London,DD,,8.0,8.0,8.0,0.0,5.0,8.589,5.337
258,regular,HD,Harrow Weald,Metroline,DD,,4.0,4.0,4.0,0.0,3.0,16.464,10.23
259,regular,AR,Tottenham,Arriva,DD,,6.0,6.0,6.0,0.0,5.0,12.812,7.961
260,regular,AC,Willesden,Metroline,DD,,5.0,5.0,5.0,0.0,4.0,16.798,10.438
261,regular,TB,Bromley,Stagecoach London,DD,,5.0,5.0,5.0,0.0,4.0,14.581,9.06
262,regular,RR,River Road,Go-Ahead,DD,,5.5,5.5,5.5,0.0,4.0,9.232,5.736
263,regular,PB,Potters Bar,Metroline,DD,,6.0,6.0,6.0,0.0,5.0,16.966,10.542
264,twentyfour,C,Croydon,Go-Ahead,DD,,5.0,4.5,5.0,2.0,4.0,10.534,6.545
265,regular,AF,Putney,Go-Ahead,SD,,4.5,4.5,4.5,0.0,4.5,17.608,10.941
266,regular,W,Cricklewood,Metroline,DD,,7.0,7.5,7.5,0.0,6.0,12.947,8.045
267,regular,TF,Fulwell (Twickenham),Transport UK,DD,,6.0,5.5,5.5,0.0,4.5,13.831,8.594
268,regular,W,Cricklewood,Metroline,SD,,4.0,4.0,4.0,0.0,3.0,5.839,3.628
269,regular,BX,Bexleyheath,Go-Ahead,DD,,5.0,5.0,5.0,0.0,4.0,16.312,10.136
270,regular,BC,Beddington,Transport UK,DD,,6.0,6.0,6.0,0.0,5.0,10.096,6.273
272,regular,V,Stamford Brook,First,SD,,4.0,4.0,4.0,0.0,3.5,9.518,5.914
273,regular,TL,Catford,Stagecoach London,SD,,3.0,3.0,3.0,0.0,2.0,18.431,11.452
274,regular,HT; KC,Holloway; King's Cross,Metroline,DD,,4.5,5.0,4.5,0.0,5.5,11.22,6.972
275,regular,T,Leyton,Stagecoach London,DD,,4.0,4.5,4.5,0.0,2.5,18.673,11.603
276,regular,HO,Lea Interchange,Stagecoach London,SD,,4.5,4.5,4.5,0.0,4.0,17.446,10.841
277,regular,HK,Ash Grove,Stagecoach London,DD,,5.0,5.5,5.5,0.0,5.0,12.294,7.639
278,regular,DH,Hayes,Transport UK,DD,,4.5,4.0,4.0,0.0,3.0,16.8,10.439
279,regular,E,Enfield,Arriva,DD,,10.0,10.0,9.0,0.0,6.0,14.561,9.048
280,regular,GM,Ellis Road,Go-Ahead,DD,,6.5,6.0,6.0,0.0,5.0,11.952,7.427
281,twentyfour,FW,Fulwell,First,DD,281N; 281R,5.0,5.5,5.5,2.5,4.5,18.727,11.637
282,regular,G,Greenford,Metroline,DD,,5.0,5.0,5.0,0.0,4.0,19.158,11.904
284,regular,KB,Kangley Bridge Road,Stagecoach London,SD,,6.0,5.5,6.0,0.0,3.0,10.667,6.628
285,twentyfour,TF,Fulwell (Twickenham),Transport UK,DD,,5.0,5.0,5.0,2.0,5.0,20.196,12.549
286,regular,MG,Morden Wharf (Greenwich),Go-Ahead,DD,,5.5,5.0,5.5,0.0,3.0,14.717,9.145
287,regular,RM,Rainham,Stagecoach London,DD,,4.0,4.0,4.0,0.0,3.0,13.204,8.205
288,regular,BT,Edgware,First,SD,,6.0,6.0,6.0,0.0,4.0,6.467,4.019
289,regular,TH,Thornton Heath,Arriva,DD,,5.0,5.0,5.0,0.0,4.0,14.639,9.096
290,regular,FW,Fulwell,First,SD,,3.0,3.0,3.0,0.0,3.0,17.068,10.605
291,regular,MG,Morden Wharf (Greenwich),Go-Ahead,DD,,5.0,5.0,5.0,0.0,4.0,6.14,3.815
292,regular,UB,Hatfield,Uno,DD,,3.0,3.0,3.0,0.0,3.0,14.508,9.015
293,regular,TV,Tolworth,First,SD,,3.0,3.0,3.0,0.0,2.0,12.732,7.911
294,regular,NS,Romford,Stagecoach London,DD,,4.0,4.5,4.5,0.0,2.5,15.918,9.891
295,twentyfour,X,Westbourne Park,First,DD,,7.0,7.0,7.0,2.0,5.0,12.303,7.645
296,regular,NS,Romford,Stagecoach London,SD,,3.5,3.5,4.0,0.0,2.0,13.538,8.412
297,twentyfour,PV,Perivale [East],Metroline,DD,,5.0,5.0,5.0,2.5,4.5,15.007,9.325
298,regular,UB,Hatfield,Uno,DD,,3.0,3.0,3.0,0.0,2.0,12.492,7.762
299,regular,NP,Northumberland Park,Go-Ahead,SD,,4.0,4.0,4.0,0.0,2.0,9.468,5.883
300,regular,SI,Silvertown,Go-Ahead,SD,,4.0,4.0,4.0,0.0,3.0,11.969,7.437
301,regular,DT,Dartford,Arriva,DD,,5.0,5.0,5.0,0.0,5.0,12.761,7.929
302,regular,AC,Willesden,Metroline,DD,,6.5,6.5,6.5,0.0,4.5,12.75,7.923
303,regular,BT,Edgware,First,SD,,4.0,4.0,4.0,0.0,3.0,11.286,7.013
304,regular,RR,River Road,Go-Ahead,DD,,5.0,5.0,5.0,0.0,4.0,8.326,5.174
306,regular,QB,Battersea,Transport UK,DD,,4.5,5.0,4.5,0.0,4.0,8.491,5.276
307,regular,E,Enfield,Arriva,DD,,6.0,5.5,6.5,0.0,3.0,15.329,9.525
308,regular,HO,Lea Interchange,Stagecoach London,DD,,5.0,5.0,5.0,0.0,3.0,14.442,8.974
309,regular,HK,Ash Grove,Stagecoach London,SD,,4.5,4.5,4.5,0.0,4.0,7.841,4.872
310,regular,HK,Ash Grove,Stagecoach London,SD,,3.0,3.0,3.0,0.0,3.0,11.743,7.297
312,regular,TC,Croydon,Arriva,DD,,5.0,5.0,5.0,0.0,3.0,12.915,8.025
313,regular,E,Enfield,Arriva,DD,313S,3.0,3.0,3.0,0.0,2.5,19.032,11.826
314,regular,TB,Bromley,Stagecoach London,SD,,5.0,5.0,5.0,0.0,3.0,22.681,14.093
315,regular,BC,Beddington,Transport UK,SD,,3.0,3.0,3.0,0.0,2.0,8.697,5.404
316,regular,WJ,Willesden Junction,Metroline,SD,,7.0,6.5,7.0,0.0,5.0,12.036,7.479
317,regular,PB,Potters Bar,Metroline,DD,,3.0,3.0,3.0,0.0,2.0,8.26,5.133
318,regular,NP,Northumberland Park,Go-Ahead,SD,,5.0,5.0,5.0,0.0,4.0,9.872,6.134
319,regular,BN,Brixton Hill,Arriva,DD,,5.5,6.0,6.5,0.0,4.5,11.95,7.426
320,regular,MB,Orpington,Go-Ahead,DD,,5.0,5.0,5.0,0.0,3.0,19.918,12.376
321,twentyfour,NX,New Cross,Go-Ahead,DD,,5.0,5.0,5.0,2.5,5.0,16.202,10.068
322,regular,QB,Battersea,Transport UK,SD,,4.5,4.0,4.0,0.0,4.0,10.66,6.624
323,regular,WH,West Ham,Stagecoach London,SD,,3.0,3.0,3.0,0.0,3.0,5.411,3.362
324,regular,W,Cricklewood,Metroline,SD,,3.0,3.0,3.0,0.0,3.0,17.203,10.69
325,regular,RR,River Road,Go-Ahead,SD,,5.0,5.0,5.0,0.0,3.0,12.932,8.036
326,regular,BT,Edgware,First,SD,,5.0,5.0,5.0,0.0,4.0,17.867,11.102
327,regular,PB,Potters Bar,Metroline,SD,,1.5,1.5,1.5,0.0,1.5,2.992,1.859
328,regular,W,Cricklewood,Metroline,DD,,6.5,6.0,6.0,0.0,5.0,12.91,8.022
329,regular,WN,Wood Green,Arriva,DD,,7.5,7.5,7.5,0.0,7.5,8.887,5.522
330,regular,DS,Henley Road,Go-Ahead,DD,,5.0,5.0,5.0,0.0,3.0,8.429,5.238
331,regular,UX,Uxbridge Industrial Estate,Metroline,SD,,3.0,3.0,3.0,0.0,2.0,21.807,13.55
333,regular,SW,Stockwell,Go-Ahead,DD,,5.5,5.0,5.0,0.0,5.0,11.673,7.253
335,regular,DT,Dartford,Arriva,DD,,5.0,5.0,5.0,0.0,4.0,8.469,5.263
336,regular,TB,Bromley,Stagecoach London,SD,,4.5,4.0,4.0,0.0,3.0,17.454,10.845
337,regular,QB,Battersea,Transport UK,DD,,5.0,4.5,4.5,0.0,4.5,11.009,6.841
339,regular,HO,Lea Interchange,Stagecoach London,SD,,4.0,4.0,4.0,0.0,3.0,13.521,8.401
340,regular,BT,Edgware,First,DD,,5.0,5.0,5.0,0.0,4.0,9.798,6.088
341,twentyfour,AR,Tottenham,Arriva,DD,,4.5,5.0,5.0,3.0,5.0,17.209,10.693
343,regular,NX,New Cross,Go-Ahead,DD,,8.0,7.5,7.5,0.0,5.0,13.237,8.225
344,twentyfour,QB,Battersea,Transport UK,DD,,6.0,6.5,6.5,3.5,6.5,11.456,7.118
345,twentyfour,QB,Battersea,Transport UK,DD,,6.5,6.5,6.5,2.0,4.5,14.522,9.024
346,regular,RM,Rainham,Stagecoach London,SD,,2.5,2.5,2.5,0.0,2.5,16.29,10.122
349,regular,AR,Tottenham,Arriva,DD,,6.0,6.0,6.0,0.0,5.0,9.365,5.819
350,regular,DH,Hayes,Transport UK,SD,,3.0,3.0,3.0,0.0,3.0,13.309,8.27
352,regular,SM,Sydenham,Go-Ahead,SD,,3.0,3.0,3.0,0.0,2.0,13.8,8.575
353,regular,MB,Orpington,Go-Ahead,DD,,3.5,3.0,3.0,0.0,2.0,16.854,10.473
354,regular,SM,Sydenham,Go-Ahead,SD,,3.0,3.0,3.0,0.0,2.5,10.97,6.817
355,regular,Q,Camberwell,Go-Ahead,SD,,5.0,5.0,5.0,0.0,4.0,10.895,6.77
356,regular,KB,Kangley Bridge Road,Stagecoach London,SD,,3.0,3.0,3.0,0.0,2.0,16.02,9.955
357,regular,NP,Northumberland Park,Go-Ahead,DD,,2.0,2.0,2.0,0.0,2.0,9.163,5.694
358,regular,MB,Orpington,Go-Ahead,SD,,5.0,5.0,5.0,0.0,3.0,24.965,15.512
359,regular,C,Croydon,Go-Ahead,SD,,1.5,1.5,1.5,0.0,1.5,10.311,6.407
360,regular,Q,Camberwell,Go-Ahead,SD,,5.0,5.0,5.0,0.0,4.5,9.846,6.118
362,regular,BK,Barking,Stagecoach London,SD,,1.5,1.5,2.0,0.0,2.0,12.474,7.751
363,regular,WL,Walworth,Transport UK,DD,,5.0,5.0,5.0,0.0,4.5,11.533,7.166
364,regular,RR,River Road,Go-Ahead,SD,,5.5,6.0,6.0,0.0,4.0,12.462,7.743
365,twentyfour,NS; RM,Rainham; Romford,Stagecoach London,DD,,5.0,5.0,5.0,2.0,3.0,15.521,9.644
366,regular,RR,River Road,Go-Ahead,SD,,6.5,6.0,6.0,0.0,4.0,20.081,12.477
367,regular,BC,Beddington,Transport UK,SD,,3.0,3.0,3.0,0.0,2.0,19.403,12.056
368,regular,RR,River Road,Go-Ahead,DD,,5.0,5.0,5.0,0.0,3.0,9.939,6.176
370,regular,GY,Grays,Arriva,DD,,5.5,5.0,5.0,0.0,4.0,20.313,12.622
371,regular,FW,Fulwell,First,SD,,5.5,6.5,6.5,0.0,5.0,12.821,7.967
372,regular,RM,Rainham,Stagecoach London,DD,,3.0,3.0,3.0,0.0,3.0,18.456,11.468
375,regular,GY,Grays,Arriva,SD,,0.5,1.0,0.5,0.0,0.5,12.179,7.568
376,regular,DS,Henley Road,Go-Ahead,SD,,4.5,4.5,4.5,0.0,2.0,10.127,6.293
377,regular,E,Enfield,Arriva,SD,,2.0,2.0,2.0,0.0,2.0,9.689,6.02
378,regular,SW,Stockwell,Go-Ahead,SD,,4.0,4.0,4.0,0.0,4.0,4.522,2.81
379,regular,AW,Walthamstow Avenue,Stagecoach London,SD,,3.0,3.0,4.0,0.0,2.0,3.623,2.251
380,regular,PD,Plumstead,Stagecoach London,SD,,5.0,5.5,5.0,0.0,4.0,14.858,9.232
381,regular,WL,Walworth,Transport UK,DD,,5.0,4.5,4.5,0.0,4.5,14.471,8.992
382,regular,PB,Potters Bar,Metroline,SD,,4.0,4.0,4.0,0.0,2.0,14.007,8.704
383,regular,UB,Hatfield,Uno,SD,,2.0,2.0,2.0,0.0,2.0,12.73,7.91
384,regular,PB,Potters Bar,Metroline,SD,,3.0,3.0,3.0,0.0,2.0,16.268,10.108
385,regular,AW,Walthamstow Avenue,Stagecoach London,SD,,0.0,0.5,1.0,0.0,1.0,7.097,4.41
386,regular,MG,Morden Wharf (Greenwich),Go-Ahead,SD,,3.5,3.5,3.5,0.0,3.5,15.92,9.892
388,regular,HK,Ash Grove,Stagecoach London,DD,,5.0,5.0,5.0,0.0,5.0,10.012,6.221
389,regular,NP,Northumberland Park,Go-Ahead,SD,,0.0,0.0,1.0,0.0,1.0,2.61,1.622
390,twentyfour,HT,Holloway,Metroline,DD,,6.5,6.0,6.0,3.0,6.0,11.566,7.187
393,regular,HT,Holloway,Metroline,SD,,5.0,5.0,5.0,0.0,4.5,13.549,8.419
394,regular,HK,Ash Grove,Stagecoach London,SD,,4.0,4.0,4.0,0.0,4.0,8.231,5.114
395,regular,SO,Harrow,First,SD,,3.0,3.0,3.0,0.0,2.0,9.411,5.848
396,regular,RR,River Road,Go-Ahead,SD,,3.0,3.0,3.0,0.0,3.0,7.275,4.521
397,regular,AW,Walthamstow Avenue,Stagecoach London,SD,,3.0,2.0,2.0,0.0,2.0,15.649,9.724
398,regular,SO,Harrow,First,SD,,2.0,2.0,2.0,0.0,2.0,10.216,6.348
399,regular,NP,Northumberland Park,Go-Ahead,SD,,0.0,0.0,1.0,0.0,1.0,4.85,3.014
401,regular,BX,Bexleyheath,Go-Ahead,DD,,4.5,4.0,4.0,0.0,2.0,12.579,7.816
403,regular,C,Croydon,Go-Ahead,DD,,5.0,5.0,5.0,0.0,3.0,10.248,6.368
404,regular,BC,Beddington,Transport UK,SD,,2.0,2.0,2.0,0.0,2.0,13.582,8.44
405,regular,TC,Croydon,Arriva,DD,,4.0,4.0,4.0,0.0,3.0,17.663,10.975
406,regular,TV,Tolworth,First,DD,,2.5,2.5,3.0,0.0,2.5,11.403,7.086
407,regular,BC,Beddington,Transport UK,DD,,5.0,5.0,5.0,0.0,3.0,22.056,13.705
410,regular,N; TH,Norwood; Thornton Heath,Arriva,SD,,6.5,5.5,6.0,0.0,4.0,15.448,9.599
411,regular,TV,Tolworth,First,DD,,4.0,4.0,3.0,0.0,2.0,7.012,4.357
412,regular,TC,Croydon,Arriva,DD,,3.0,3.0,3.0,0.0,2.0,10.619,6.598
413,regular,AL,Merton,Go-Ahead,SD,,4.0,4.0,4.0,0.0,2.0,10.453,6.495
415,regular,QB,Battersea,Transport UK,DD,,5.0,5.0,5.0,0.0,3.0,8.643,5.371
417,regular,BN,Brixton Hill,Arriva,DD,,5.0,5.0,5.0,0.0,4.0,9.078,5.641
418,regular,TV,Tolworth,First,DD,,2.5,2.5,3.0,0.0,2.5,11.979,7.444
419,regular,AV,Hounslow,First,SD,,5.0,5.0,5.0,0.0,4.0,12.386,7.696
422,regular,PD,Plumstead,Stagecoach London,DD,,5.5,5.5,6.0,0.0,5.0,18.716,11.63
423,regular,WK,Hounslow Heath,First,DD,,3.0,3.0,3.0,0.0,2.0,15.289,9.5
424,regular,SW,Stockwell,Go-Ahead,SD,,1.5,2.0,1.5,0.0,1.5,12.136,7.541
425,regular,BW,Bow,Stagecoach London,DD,,5.0,5.0,5.0,0.0,4.5,15.523,9.645
427,regular,GW,Southall,Transport UK,DD,,6.5,6.5,6.5,0.0,5.5,11.029,6.853
428,regular,DT,Dartford,Arriva,DD,,4.0,4.0,4.0,0.0,2.0,15.719,9.767
430,regular,AF,Putney,Go-Ahead,DD,,5.0,4.5,4.5,0.0,4.5,10.89,6.767
432,regular,N,Norwood,Arriva,DD,,5.0,5.0,5.0,0.0,4.0,8.119,5.045
433,regular,BC,Beddington,Transport UK,SD,,6.0,6.0,6.0,0.0,3.0,10.2,6.338
434,regular,C,Croydon,Go-Ahead,SD,,2.0,2.0,2.0,0.0,2.0,15.403,9.571
436,regular,NX,New Cross,Go-Ahead,DD,,4.5,4.5,4.5,0.0,4.5,11.956,7.429
439,regular,C,Croydon,Go-Ahead,SD,,2.0,1.5,2.0,0.0,1.5,10.696,6.646
440,regular,V,Stamford Brook,First,SD,,4.0,4.0,4.0,0.0,4.0,14.382,8.936
444,regular,NP,Northumberland Park,Go-Ahead,SD,,5.0,5.0,5.0,0.0,4.0,12.47,7.748
450,regular,C,Croydon,Go-Ahead,SD,,6.0,6.0,6.0,0.0,4.0,13.689,8.506
452,regular,X,Westbourne Park,First,DD,,5.0,5.0,5.0,0.0,5.0,10.405,6.465
453,twentyfour,NX,New Cross,Go-Ahead,DD,,7.5,7.5,7.5,2.5,6.0,13.373,8.31
456,regular,NP,Northumberland Park,Go-Ahead,SD,,2.0,2.0,2.0,0.0,1.0,16.133,10.025
460,regular,AC,Willesden,Metroline,DD,,5.0,5.0,5.0,0.0,4.0,10.13,6.294
462,regular,BK,Barking,Stagecoach London,SD,,4.0,4.0,4.0,0.0,2.0,13.488,8.381
463,regular,C,Croydon,Go-Ahead,SD,,3.0,3.0,3.0,0.0,2.0,21.677,13.47
464,regular,BC,Beddington,Transport UK,SD,,2.0,2.0,2.0,0.0,1.0,9.882,6.141
465,regular,TF,Fulwell (Twickenham),Transport UK,SD,,2.0,1.5,2.0,0.0,1.5,26.867,16.694
466,regular,TC,Croydon,Arriva,DD,466S,7.5,8.0,7.5,0.0,5.0,19.312,12.0
467,regular,TV,Tolworth,First,DD,,1.5,1.0,1.0,0.0,1.0,9.565,5.944
468,regular,N,Norwood,Arriva,DD,,7.0,6.5,6.5,0.0,4.0,17.972,11.167
469,regular,MG,Morden Wharf (Greenwich),Go-Ahead,SD,,4.0,4.0,4.0,0.0,3.0,16.206,10.07
470,regular,GM,Ellis Road,Go-Ahead,SD,,2.0,2.0,2.0,0.0,2.0,10.177,6.323
472,unknown,,,,,,6.5,6.5,6.5,0.0,5.0,,
473,regular,DS,Henley Road,Go-Ahead,DD,,5.5,5.5,5.5,0.0,4.0,9.322,5.792
474,twentyfour,DS,Henley Road,Go-Ahead,DD,,5.0,5.0,5.0,2.5,4.0,15.361,9.545
476,regular,NP,Northumberland Park,Go-Ahead,DD,,5.5,6.0,6.0,0.0,5.0,11.861,7.37
481,regular,AH; TF,Brentford; Fulwell (Twickenham),Metroline; Transport UK,DD,481D,2.0,2.0,2.0,0.0,1.5,13.833,8.595
482,regular,GW,Southall,Transport UK,DD,,3.0,3.0,3.0,0.0,3.0,17.735,11.02
483,regular,PV,Perivale [East],Metroline,DD,,5.5,5.5,5.5,0.0,5.0,16.794,10.435
484,regular,Q,Camberwell,Go-Ahead,SD,,5.0,5.0,5.0,0.0,4.0,10.898,6.771
485,regular,QB,Battersea,Transport UK,SD,,1.5,2.0,2.0,0.0,2.0,8.131,5.053
486,twentyfour,BX,Bexleyheath,Go-Ahead,DD,,5.0,5.5,5.5,3.0,4.0,14.893,9.254
487,regular,WJ,Willesden Junction,Metroline,SD,,4.5,4.5,4.5,0.0,3.0,14.335,8.907
488,regular,HO,Lea Interchange,Stagecoach London,SD,,4.0,4.0,4.0,0.0,3.0,9.598,5.964
490,regular,TF,Fulwell (Twickenham),Transport UK,SD,,5.0,5.0,5.0,0.0,3.0,21.218,13.184
491,regular,PB,Potters Bar,Metroline,SD,,3.0,3.0,3.0,0.0,3.0,16.171,10.048
492,regular,DT,Dartford,Arriva,DD,,2.0,2.0,2.0,0.0,2.0,23.125,14.369
493,regular,AL,Merton,Go-Ahead,SD,,4.5,4.5,4.5,0.0,3.0,19.4,12.054
496,regular,RM,Rainham,Stagecoach London,DD,,3.5,3.5,3.5,0.0,3.0,12.878,8.002
498,regular,NS,Romford,Stagecoach London,DD,,2.5,3.0,2.5,0.0,2.5,11.752,7.302
499,regular,RM,Rainham,Stagecoach London,SD,,2.5,2.5,2.5,0.0,2.5,17.462,10.85
533,regular,SW,Stockwell,Go-Ahead,SD,,4.0,4.0,4.0,0.0,4.0,9.141,5.68
601,school,MG,Morden Wharf (Greenwich),Go-Ahead,DD,,,,,,0.0,18.257,11.344
602,school,PD,Plumstead,Stagecoach London,DD,,,,,,0.0,14.84,9.221
603,school,HT,Holloway,Metroline,DD,,,,,,0.0,9.169,5.697
606,school,EW,Edgware,Metroline,DD,,,,,,0.0,15.486,9.623
608,school,RR,River Road,Go-Ahead,DD,,,,,,0.0,11.664,7.248
612,school,TH,Thornton Heath,Arriva,DD,,,,,,0.0,10.722,6.662
613,school,TV,Tolworth,First,DD,,,,,,0.0,13.03,8.097
616,school,T,Leyton,Stagecoach London,DD,,,,,,0.0,11.142,6.923
617,school,PB,Potters Bar,Metroline,DD,,,,,,0.0,10.693,6.644
618,school,GW,Southall,Transport UK,DD,,,,,,0.0,7.093,4.408
621,school,TL,Catford,Stagecoach London,DD,,,,,,0.0,8.368,5.2
624,school,MG,Morden Wharf (Greenwich),Go-Ahead,DD,,,,,,0.0,9.131,5.674
625,school,MG,Morden Wharf (Greenwich),Go-Ahead,DD,,,,,,0.0,11.473,7.129
626,school,PB,Potters Bar,Metroline,DD,,,,,,0.0,18.021,11.198
627,school,N,Norwood,Arriva,DD,,,,,,0.0,10.322,6.414
628,school,UB,Hatfield,Uno,DD,,,,,,0.0,18.537,11.519
629,school,PB,Potters Bar,Metroline,DD,,,,,,0.0,11.786,7.323
631,school,W,Cricklewood,Metroline,SD,,,,,,0.0,1.857,1.154
632,school,W,Cricklewood,Metroline,DD,,,,,,0.0,10.472,6.507
633,school,C,Croydon,Go-Ahead,DD,,,,,,0.0,19.699,12.24
634,school,PB,Potters Bar,Metroline,DD,,,,,,0.0,9.648,5.995
635,school,SG,Lampton,Metroline,DD,,,,,,0.0,10.861,6.749
638,school,TB,Bromley,Stagecoach London,DD,,,,,,0.0,17.036,10.586
639,school,QB,Battersea,Transport UK,DD,,,,,,0.0,12.459,7.742
640,school,G,Greenford,Metroline,DD,,,,,,0.0,8.436,5.242
642,school,EW,Edgware,Metroline,DD,,,,,,0.0,10.203,6.34
643,school,UB,Hatfield,Uno,DD,,,,,,0.0,5.778,3.59
645,school,TC,Croydon,Arriva,DD,,,,,,0.0,7.527,4.677
646,school,RR,River Road,Go-Ahead,SD,,,,,,0.0,14.009,8.705
649,school,WH,West Ham,Stagecoach London,DD,,,,,,0.0,8.864,5.508
650,school,WH,West Ham,Stagecoach London,DD,,,,,,0.0,7.801,4.848
651,school,WH,West Ham,Stagecoach London,DD,,,,,,0.0,9.539,5.927
652,school,RR,River Road,Go-Ahead,DD,,,,,,0.0,12.205,7.584
653,school,UB,Hatfield,Uno,DD,,,,,,0.0,12.55,7.798
655,school,BC,Beddington,Transport UK,DD,,,,,,0.0,7.09,4.405
656,school,RR,River Road,Go-Ahead,DD,,,,,,0.0,8.976,5.578
657,school,T,Leyton,Stagecoach London,DD,,,,,,0.0,6.828,4.243
658,school,MG,Morden Wharf (Greenwich),Go-Ahead,DD,,,,,,0.0,9.495,5.9
660,school,TL,Catford,Stagecoach London,DD,,,,,,0.0,9.3,5.779
661,school,TL,Catford,Stagecoach London,DD,,,,,,0.0,7.277,4.522
662,school,TV,Tolworth,First,DD,,,,,,0.0,6.661,4.139
663,school,TH,Thornton Heath,Arriva,DD,,,,,,0.0,6.61,4.107
664,school,MB,Orpington,Go-Ahead,DD,,,,,,0.0,19.916,12.375
665,school,TV,Tolworth,First,SD,,,,,,0.0,7.89,4.902
667,school,BK; WH,Barking; West Ham,Stagecoach London,DD,,,,,,0.0,9.428,5.858
669,school,PD,Plumstead,Stagecoach London,DD,,,,,,0.0,18.509,11.501
670,school,QB,Battersea,Transport UK,DD,,,,,,0.0,10.03,6.232
671,school,TF,Fulwell (Twickenham),Transport UK,DD,,,,,,0.0,10.786,6.702
672,school,PD,Plumstead,Stagecoach London,DD,,,,,,0.0,4.576,2.844
674,school,RM,Rainham,Stagecoach London,DD,,,,,,0.0,8.75,5.437
675,school,AD,Palmers Green,Arriva,DD,,,,,,0.0,12.864,7.994
677,school,NP,Northumberland Park,Go-Ahead,DD,,,,,,0.0,20.526,12.754
678,school,HO,Lea Interchange,Stagecoach London,DD,,,,,,0.0,9.928,6.169
679,school,RR,River Road,Go-Ahead,DD,,,,,,0.0,13.09,8.134
681,school,FW,Fulwell,First,DD,,,,,,0.0,11.464,7.124
683,school,UB,Hatfield,Uno,DD,,,,,,0.0,11.849,7.363
684,school,TB,Bromley,Stagecoach London,DD,,,,,,0.0,15.095,9.38
685,school,TC,Croydon,Arriva,DD,,,,,,0.0,3.546,2.203
686,school,RR,River Road,Go-Ahead,DD,,,,,,0.0,6.366,3.956
687,school,RR,River Road,Go-Ahead,DD,,,,,,0.0,7.631,4.742
688,school,UB,Hatfield,Uno,DD,,,,,,0.0,19.644,12.206
689,school,TH,Thornton Heath,Arriva,DD,,,,,,0.0,6.87,4.269
690,school,SW,Stockwell,Go-Ahead,DD,,,,,,0.0,11.579,7.195
695,school,AV,Hounslow,First,DD,,,,,,0.0,9.358,5.815
696,school,AV,Hounslow,First,DD,,,,,,0.0,20.156,12.524
697,school,UX,Uxbridge Industrial Estate,Metroline,DD,,,,,,0.0,11.052,6.867
698,school,AV,Hounslow,First,DD,,,,,,0.0,11.344,7.049
699,school,UB,Hatfield,Uno,DD,,,,,,0.0,14.557,9.045
969,school,TF,Fulwell (Twickenham),Transport UK,SD,,,,,,0.0,18.619,11.569
A10,regular,UX,Uxbridge Industrial Estate,Metroline,SD,,3.0,3.0,3.0,0.0,2.0,12.712,7.899
B11,regular,BX,Bexleyheath,Go-Ahead,SD,,4.0,4.0,4.0,0.0,2.0,11.749,7.3
B12,regular,BX,Bexleyheath,Go-Ahead,SD,,3.5,3.0,3.0,0.0,2.0,18.078,11.233
B13,regular,BX,Bexleyheath,Go-Ahead,SD,,3.0,3.0,3.0,0.0,2.5,9.052,5.625
B14,regular,TB,Bromley,Stagecoach London,SD,,2.0,1.5,2.0,0.0,2.0,22.099,13.732
B15,regular,BX,Bexleyheath,Go-Ahead,SD,,3.0,3.0,3.0,0.0,2.5,12.96,8.053
B16,regular,BX,Bexleyheath,Go-Ahead,SD,,4.0,4.0,4.0,0.0,2.0,14.468,8.99
BL1,regular,RA,Waterloo,Go-Ahead,DD,,5.0,5.0,5.0,0.0,4.5,9.289,5.772
C1,regular,S,Shepherd's Bush,First,SD,,5.0,5.0,5.0,0.0,5.0,9.642,5.992
C3,regular,QB,Battersea,Transport UK,DD,,5.5,5.5,5.5,0.0,4.0,6.725,4.179
C10,regular,WL,Walworth,Transport UK,SD,,7.0,6.5,6.5,0.0,4.5,14.654,9.106
C11,regular,HT,Holloway,Metroline,SD,,6.5,6.0,6.0,0.0,5.0,13.13,8.159
D3,regular,DS,Henley Road,Go-Ahead,SD,,4.0,4.0,4.0,0.0,3.0,10.838,6.734
D6,regular,HK,Ash Grove,Stagecoach London,DD,,6.0,6.5,6.5,0.0,4.0,8.019,4.983
D7,regular,HK,Ash Grove,Stagecoach London,DD,,5.0,5.0,5.0,0.0,4.0,9.464,5.881
D8,regular,HO,Lea Interchange,Stagecoach London,DD,,4.0,4.0,4.0,0.0,3.0,8.796,5.465
E1,regular,G,Greenford,Metroline,DD,,6.0,6.0,6.0,0.0,6.0,4.996,3.105
E2,regular,AH,Brentford,Metroline,DD,,6.5,6.5,6.5,0.0,5.5,10.609,6.592
E3,regular,V,Stamford Brook,First,DD,,7.0,6.0,7.0,0.0,6.0,14.728,9.152
E5,regular,GW,Southall,Transport UK,SD,,5.0,5.0,5.0,0.0,3.0,11.455,7.118
E6,regular,DH,Hayes,Transport UK,SD,,4.5,4.0,4.5,0.0,4.5,13.433,8.347
E7,regular,GW,Southall,Transport UK,SD,,4.5,4.5,4.5,0.0,3.0,14.603,9.074
E8,regular,AH,Brentford,Metroline,DD,,6.0,6.5,6.5,0.0,5.5,11.464,7.123
E9,regular,G,Greenford,Metroline,DD,,5.0,5.0,5.0,0.0,3.0,10.081,6.264
E10,regular,GW,Southall,Transport UK,SD,,3.5,4.0,3.5,0.0,3.0,11.321,7.035
E11,regular,GW,Southall,Transport UK,SD,,3.0,3.0,3.0,0.0,2.0,8.052,5.003
EL1,twentyfour,RR,River Road,Go-Ahead,DD,,11.0,11.0,11.0,2.0,6.0,9.129,5.673
EL2,regular,RR,River Road,Go-Ahead,DD,,7.5,7.5,7.5,0.0,4.0,12.146,7.547
EL3,regular,RR,River Road,Go-Ahead,DD,,6.5,6.0,6.0,0.0,3.0,13.558,8.425
G1,regular,QB,Battersea,Transport UK,SD,,3.0,3.0,3.0,0.0,3.0,17.694,10.994
H2,regular,W,Cricklewood,Metroline,SD,,5.0,5.0,5.0,0.0,3.0,7.553,4.693
H3,regular,W,Cricklewood,Metroline,SD,,0.5,0.0,1.0,0.0,1.0,9.721,6.04
H9,regular,SO,Harrow,First,SD,,5.5,6.0,6.0,0.0,4.0,17.38,10.8
H10,regular,SO,Harrow,First,SD,,6.0,6.0,6.0,0.0,4.0,16.989,10.556
H11,regular,BT,Edgware,First,SD,,4.0,4.0,4.0,0.0,3.0,11.045,6.863
H12,regular,BT,Edgware,First,DD,,6.0,6.0,6.0,0.0,5.0,14.479,8.997
H13,regular,UX,Uxbridge Industrial Estate,Metroline,SD,,3.0,3.0,3.0,0.0,3.0,12.624,7.844
H14,regular,BT,Edgware,First,DD,,6.0,6.0,6.0,0.0,4.0,6.891,4.282
H17,regular,WJ,Willesden Junction,Metroline,SD,,4.5,4.0,4.0,0.0,3.5,7.904,4.911
H18,regular,SO,Harrow,First,SD,,3.0,3.0,3.0,0.0,2.0,14.029,8.717
H19,regular,SO,Harrow,First,SD,,3.5,3.0,3.0,0.0,2.0,14.442,8.974
H20,regular,TF,Fulwell (Twickenham),Transport UK,SD,,4.5,4.0,4.5,0.0,3.0,6.861,4.263
H22,regular,AV,Hounslow,First,SD,,5.0,5.0,5.0,0.0,3.0,12.038,7.48
H25,regular,TF,Fulwell (Twickenham),Transport UK,SD,,5.0,5.0,5.0,0.0,5.0,12.265,7.621
H26,regular,TF,Fulwell (Twickenham),Transport UK,SD,,3.0,3.0,3.0,0.0,2.0,9.129,5.672
H28,regular,GW,Southall,Transport UK,SD,,3.5,3.0,3.0,0.0,2.5,17.928,11.14
H32,regular,GW,Southall,Transport UK,DD,,5.0,5.0,5.0,0.0,4.5,8.71,5.412
H37,regular,AV,Hounslow,First,SD,,8.0,8.5,8.0,0.0,6.0,7.972,4.954
H91,regular,AH,Brentford,Metroline,DD,,5.5,5.5,5.5,0.0,3.5,12.513,7.775
H98,regular,AV,Hounslow,First,DD,,5.5,6.0,5.5,0.0,5.0,13.796,8.573
K1,regular,TV,Tolworth,First,SD,,5.5,5.5,5.5,0.0,4.0,14.385,8.938
K2,regular,TV,Tolworth,First,SD,,5.0,5.0,5.0,0.0,4.0,12.088,7.511
K3,regular,FW,Fulwell,First,SD,,4.5,4.0,4.0,0.0,3.0,20.1,12.49
K4,regular,TV,Tolworth,First,SD,,2.0,2.0,2.0,0.0,2.0,11.491,7.14
K5,regular,TV,Tolworth,First,SD,,1.5,1.5,1.5,0.0,1.5,20.374,12.66
P4,regular,NX,New Cross,Go-Ahead,SD,,5.0,5.0,5.0,0.0,5.0,12.208,7.586
P5,regular,WL,Walworth,Transport UK,SD,,4.0,4.0,4.0,0.0,3.0,11.049,6.866
P12,regular,PM,Peckham,Go-Ahead,SD,,4.0,4.0,4.0,0.0,4.0,14.261,8.862
P13,regular,WL,Walworth,Transport UK,SD,,3.5,3.5,3.5,0.0,3.0,14.734,9.155
R1,regular,MB,Orpington,Go-Ahead,SD,,3.0,3.0,3.0,0.0,3.0,14.039,8.724
R2,regular,MB,Orpington,Go-Ahead,SD,,2.0,2.0,2.0,0.0,2.0,14.338,8.909
R3,regular,MB,Orpington,Go-Ahead,SD,,3.0,3.0,3.0,0.0,2.0,15.69,9.749
R4,regular,MB,Orpington,Go-Ahead,SD,,3.0,3.0,3.0,0.0,1.0,14.06,8.736
R5,regular,MB,Orpington,Go-Ahead,SD,,0.5,0.5,0.5,0.0,0.5,13.632,8.471
R7,regular,MB,Orpington,Go-Ahead,SD,,1.5,1.5,2.0,0.0,1.0,16.651,10.346
R8,regular,MB,Orpington,Go-Ahead,SD,,0.5,1.0,0.5,0.0,0.5,13.606,8.454
R9,regular,MB,Orpington,Go-Ahead,SD,,4.0,4.0,4.0,0.0,2.0,4.371,2.716
R10,regular,MB,Orpington,Go-Ahead,SD,,0.5,0.5,0.5,0.0,0.5,13.545,8.417
R11,regular,MB,Orpington,Go-Ahead,SD,,5.0,5.0,5.0,0.0,3.0,12.933,8.036
R68,regular,TF,Fulwell (Twickenham),Transport UK,SD,,4.0,4.0,4.0,0.0,4.0,14.679,9.121
R70,regular,TF,Fulwell (Twickenham),Transport UK,SD,,6.0,6.0,6.0,0.0,4.0,11.948,7.424
S1,regular,BC,Beddington,Transport UK,SD,,4.0,4.0,4.0,0.0,3.0,18.986,11.797
S2,regular,A,Sutton,Go-Ahead,SD,,3.0,3.0,3.0,0.0,2.0,15.277,9.493
S3,regular,BC,Beddington,Transport UK,SD,,3.0,3.0,3.0,0.0,3.0,18.837,11.705
S4,regular,C,Croydon,Go-Ahead,SD,,2.0,2.0,2.0,0.0,2.0,21.775,13.53
U1,regular,UX,Uxbridge Industrial Estate,Metroline,DD,,4.0,4.0,4.0,0.0,2.0,13.076,8.125
U2,regular,UX,Uxbridge Industrial Estate,Metroline,SD,,6.0,6.0,6.0,0.0,3.0,9.503,5.905
U3,regular,UX,Uxbridge Industrial Estate,Metroline,DD,,5.0,5.0,5.0,0.0,3.0,15.831,9.837
U4,regular,UX,Uxbridge Industrial Estate,Metroline,DD,,6.5,6.0,6.0,0.0,5.0,12.387,7.697
U5,regular,DH,Hayes,Transport UK,DD,,5.0,5.0,5.0,0.0,3.0,15.079,9.37
U7,regular,DH,Hayes,Transport UK,SD,,1.5,2.0,2.0,0.0,2.0,11.697,7.268
U9,regular,DH,Hayes,Transport UK,SD,,3.0,3.0,3.0,0.0,1.0,9.284,5.769
U10,regular,UX,Uxbridge Industrial Estate,Metroline,SD,,0.5,0.5,0.5,0.0,0.5,10.559,6.561
W3,regular,WN,Wood Green,Arriva,DD,,10.0,10.0,10.0,0.0,6.0,11.541,7.171
W4,regular,WN,Wood Green,Arriva,SD,,6.0,6.0,6.0,0.0,5.0,11.03,6.853
W5,regular,AW,Walthamstow Avenue,Stagecoach London,SD,,5.0,5.0,5.0,0.0,3.0,7.089,4.405
W6,regular,WN,Wood Green,Arriva,SD,,6.5,6.0,6.0,0.0,4.0,7.663,4.762
W7,regular,HT,Holloway,Metroline,DD,,12.0,12.0,12.0,0.0,8.0,3.958,2.459
W8,regular,PB,Potters Bar,Metroline,DD,,8.0,7.5,7.5,0.0,5.0,10.157,6.311
W9,regular,PB,Potters Bar,Metroline,SD,,4.0,4.0,4.0,0.0,2.0,12.538,7.791
W11,regular,AW,Walthamstow Avenue,Stagecoach London,SD,,5.0,5.0,5.0,0.0,4.0,7.965,4.949
W12,regular,AW,Walthamstow Avenue,Stagecoach London,SD,,4.0,4.5,4.0,0.0,3.5,17.067,10.605
W13,regular,HO,Lea Interchange,Stagecoach London,SD,W13S,4.0,4.0,4.0,0.0,3.0,10.83,6.729
W14,regular,HO,Lea Interchange,Stagecoach London,SD,,1.0,1.0,1.0,0.0,1.0,14.419,8.96
W15,regular,NP,Northumberland Park,Go-Ahead,SD,,6.0,6.5,6.0,0.0,5.0,14.75,9.165
W16,regular,AW,Walthamstow Avenue,Stagecoach London,SD,,4.5,5.0,4.5,0.0,4.5,10.043,6.24
W19,regular,AW,Walthamstow Avenue,Stagecoach London,SD,,3.0,5.0,5.0,0.0,3.0,14.714,9.143
SL1,regular,AD,Palmers Green,Arriva,DD,,5.0,5.0,5.0,0.0,4.0,14.699,9.133
SL2,regular,DX,Barking,Arriva,DD,,5.0,5.0,5.0,0.0,4.0,19.077,11.854
SL3,regular,TB,Bromley,Stagecoach London,DD,,5.0,5.0,5.0,0.0,4.0,22.989,14.285
SL4,regular,DS,Henley Road,Go-Ahead,DD,,7.5,7.5,7.5,0.0,4.0,14.136,8.784
SL5,regular,TC,Croydon,Arriva,DD,,5.0,5.0,5.0,0.0,4.0,12.513,7.775
SL6,regular,N,Norwood,Arriva,DD,,2.5,0.0,0.0,0.0,0.0,18.955,11.778
SL7,regular,C,Croydon,Go-Ahead,DD,,4.0,4.0,4.0,0.0,4.0,41.198,25.599
SL8,regular,G,Greenford,Metroline,DD,,6.0,6.5,6.0,0.0,5.0,21.468,13.339
SL9,regular,SO,Harrow,First,DD,,4.5,4.5,4.5,0.0,4.0,16.869,10.482
SL10,regular,SO,Harrow,First,DD,,5.0,5.0,5.0,0.0,4.0,14.708,9.139
SL11,regular,MG,Morden Wharf (Greenwich),Go-Ahead,DD,,10.0,10.0,10.0,0.0,5.0,14.788,9.189
N1,night,Q,Camberwell,Go-Ahead,DD,,0.0,0.0,0.0,1.5,1.5,27.358,17.0
N2,night,N,Norwood,Arriva,DD,,0.0,0.0,0.0,3.0,0.0,15.781,9.806
N3,night,WL,Walworth,Transport UK,DD,,0.0,0.0,0.0,3.0,0.0,25.501,15.846
N5,night,BT,Edgware,First,DD,,0.0,0.0,0.0,2.0,2.0,21.729,13.501
N7,night,PV,Perivale [East],Metroline,DD,,0.0,0.0,0.0,2.0,2.0,24.897,15.47
N8,night,BW,Bow,Stagecoach London,DD,,0.0,0.0,0.0,6.0,3.0,26.73,16.609
N9,night,AH,Brentford,Metroline,DD,,0.0,0.0,0.0,2.0,2.5,32.888,20.436
N11,night,SW,Stockwell,Go-Ahead,DD,,0.0,0.0,0.0,1.5,1.5,21.398,13.296
N15,night,DS; RR,Henley Road; River Road,Go-Ahead,DD,,0.0,0.0,0.0,7.5,6.0,29.735,18.477
N18,night,RP,Park Royal,First,DD,,0.0,0.0,0.0,4.0,0.5,23.866,14.83
N19,night,SF,Stamford Hill,Arriva,DD,,0.0,0.0,0.0,1.5,1.5,15.753,9.788
N20,night,HT,Holloway,Metroline,DD,,0.0,0.0,0.0,2.0,2.0,22.21,13.801
N21,night,NX,New Cross,Go-Ahead,DD,,0.0,0.0,0.0,3.0,2.0,26.741,16.616
N22,night,AF,Putney,Go-Ahead,DD,,0.0,0.0,0.0,1.5,1.5,21.39,13.291
N25,night,BW,Bow,Stagecoach London,DD,,0.0,0.0,0.0,4.5,5.5,17.972,11.167
N26,night,HK,Ash Grove,Stagecoach London,DD,,0.0,0.0,0.0,2.0,2.0,25.694,15.966
N27,night,QB,Battersea,Transport UK,DD,,0.0,0.0,0.0,2.0,2.0,11.619,7.22
N28,night,WJ,Willesden Junction,Metroline,DD,,0.0,0.0,0.0,1.5,1.5,17.55,10.905
N29,night,WN,Wood Green,Arriva,DD,,0.0,0.0,0.0,6.0,6.0,19.72,12.253
N31,night,X,Westbourne Park,First,DD,,0.0,0.0,0.0,1.5,1.5,16.995,10.56
N32,night,W,Cricklewood,Metroline,DD,,0.0,0.0,0.0,2.0,2.0,16.817,10.45
N33,night,FW,Fulwell,First,SD,,0.0,0.0,0.0,1.5,1.5,16.774,10.423
N38,night,CT,Clapton,Arriva,DD,,0.0,0.0,0.0,4.0,3.0,17.264,10.727
N41,night,AR,Tottenham,Arriva,DD,,0.0,0.0,0.0,1.5,1.5,16.487,10.245
N44,night,SW,Stockwell,Go-Ahead,DD,,0.0,0.0,0.0,1.5,1.5,23.386,14.532
N53,night,PD,Plumstead,Stagecoach London,DD,,0.0,0.0,0.0,4.0,2.0,19.507,12.121
N55,night,T,Leyton,Stagecoach London,DD,,0.0,0.0,0.0,2.0,2.0,22.73,14.124
N63,night,WL,Walworth,Transport UK,DD,,0.0,0.0,0.0,3.0,2.5,16.142,10.03
N65,night,FW,Fulwell,First,DD,,0.0,0.0,0.0,1.5,1.5,24.51,15.23
N68,night,WL,Walworth,Transport UK,DD,,0.0,0.0,0.0,2.0,2.0,30.547,18.981
N72,night,S,Shepherd's Bush,First,SD,,0.0,0.0,0.0,2.0,2.0,15.612,9.701
N73,night,CT,Clapton,Arriva,DD,,0.0,0.0,0.0,4.0,0.0,17.34,10.774
N74,night,AF,Putney,Go-Ahead,DD,,0.0,0.0,0.0,1.5,2.0,16.785,10.43
N83,night,PV,Perivale [East],Metroline,DD,,0.0,0.0,0.0,2.0,2.0,20.177,12.537
N86,night,NS,Romford,Stagecoach London,DD,,0.0,0.0,0.0,2.0,2.0,23.431,14.559
N87,night,SW,Stockwell,Go-Ahead,DD,,0.0,0.0,0.0,4.0,4.0,25.365,15.761
N89,night,NX,New Cross,Go-Ahead,DD,,0.0,0.0,0.0,2.0,0.0,34.127,21.205
N91,night,NP,Northumberland Park,Go-Ahead,DD,,0.0,0.0,0.0,2.0,2.0,23.625,14.68
N97,night,AF,Putney,Go-Ahead,DD,,0.0,0.0,0.0,2.0,2.0,9.924,6.166
N98,night,HD,Harrow Weald,Metroline,DD,,0.0,0.0,0.0,4.0,4.0,22.192,13.79
N109,night,BC,Beddington,Transport UK,DD,,0.0,0.0,0.0,2.5,2.5,18.448,11.463
N113,night,EW,Edgware,Metroline,DD,,0.0,0.0,0.0,2.0,2.0,20.01,12.434
N118,night,RP,Park Royal,First,DD,,0.0,0.0,0.0,4.0,2.0,26.877,16.701
N133,night,QB,Battersea,Transport UK,DD,,0.0,0.0,0.0,1.5,1.5,20.383,12.666
N136,night,NX,New Cross,Go-Ahead,DD,,0.0,0.0,0.0,2.0,2.0,27.622,17.164
N137,night,BN,Brixton Hill,Arriva,DD,,0.0,0.0,0.0,3.0,0.0,17.881,11.111
N140,night,HD,Harrow Weald,Metroline,DD,,0.0,0.0,0.0,2.0,0.5,21.202,13.174
N155,night,SW,Stockwell,Go-Ahead,DD,,0.0,0.0,0.0,3.0,3.0,16.809,10.445
N171,night,NX,New Cross,Go-Ahead,DD,,0.0,0.0,0.0,1.5,2.0,18.864,11.721
N199,night,TL,Catford,Stagecoach London,DD,,0.0,0.0,0.0,2.0,2.0,34.751,21.593
N205,night,BW,Bow,Stagecoach London,DD,,0.0,0.0,0.0,2.0,2.0,18.056,11.219
N207,night,GW,Southall,Transport UK,DD,,0.0,0.0,0.0,4.5,3.0,27.941,17.362
N242,night,HK,Ash Grove,Stagecoach London,DD,,0.0,0.0,0.0,2.0,2.0,12.483,7.757
N250,night,TH,Thornton Heath,Arriva,DD,,0.0,0.0,0.0,2.0,2.0,13.311,8.271
N253,night,CT,Clapton,Arriva,DD,,0.0,0.0,0.0,2.5,2.0,18.609,11.563
N263,night,PB,Potters Bar,Metroline,DD,,0.0,0.0,0.0,2.0,0.0,13.188,8.195
N266,night,W,Cricklewood,Metroline,DD,,0.0,0.0,0.0,2.0,2.0,17.346,10.778
N277,night,HK,Ash Grove,Stagecoach London,DD,,0.0,0.0,0.0,2.0,2.0,15.922,9.893
N279,night,E,Enfield,Arriva,DD,,0.0,0.0,0.0,3.0,3.0,23.311,14.485
N343,night,NX,New Cross,Go-Ahead,DD,,0.0,0.0,0.0,2.0,2.0,15.098,9.382
N381,night,WL,Walworth,Transport UK,DD,,0.0,0.0,0.0,2.0,2.0,15.73,9.774
N472,night,MG,Morden Wharf (Greenwich),Go-Ahead,DD,,0.0,0.0,0.0,2.0,2.0,15.028,9.338
N550,night,HK,Ash Grove,Stagecoach London,DD,,0.0,0.0,0.0,2.0,2.0,17.7,10.999
N551,night,BK,Barking,Stagecoach London,DD,,0.0,0.0,0.0,2.0,0.5,20.235,12.574
